"barrier_id","snapped_point","name","type","owner","dam_use","fall_height_m","stream_name","strahler_order","wshed_name","secondary_wshed_name","transport_feature_name","critical_habitat","crossing_status","crossing_feature_type","crossing_type","crossing_subtype","culvert_number","culvert_condition","action_items","passability_status_notes","func_upstr_hab_as","total_upstr_hab_as","w_func_upstr_hab_as","w_total_upstr_hab_as","group_id_as","num_barriers_group_as","downstr_group_ids_as","total_hab_gain_group_as","w_total_hab_gain_group_as","avg_gain_per_barrier_as","w_avg_gain_per_barrier_as","rank_w_avg_gain_tiered_as","rank_w_total_upstr_hab_as","rank_combined_as","passability_status_as","barrier_cnt_downstr_as","internal_name","watercourse_name","road_name","structure_type","structure_owner","private_owner_details","structure_list_status_as","passability_assessment_type","assessment_step_completed","reason_for_exclusion","method_of_exclusion","partial_passability_as","partial_passability_notes_as","upstream_habitat_quality","constructability","estimated_cost_$","priority","type_of_rehabilitation","rehabilitated_by","rehabilitated_date","estimated_rehabilitation_cost_$","actual_project_cost_$","next_steps","timeline_for_next_steps","lead_for_next_steps","others_involved_in_next_steps","reason","label_in_wcrp_as","notes"
"76e5eb90-4c4f-49d3-a59e-f78a84a5cc8e","0101000020910B00008C1ACAD0F45723410F8E99F6127D5341",NULL,"dam",NULL,"Unknown",NULL,NULL,NULL,"[""01fb000""]","msa",NULL,NULL,NULL,NULL,NULL,NULL,NULL,NULL,NULL,NULL,"0.002799017684532382","0.002799017684532382","0.0006997544211330955","0.0006997544211330955","652782",2,NULL,"0.00279901768453238","0.000699754421133096","0.00139950884226619000","0.00034987721056654800","156","210","192","0",1,NULL,NULL,NULL,NULL,NULL,NULL,NULL,NULL,NULL,NULL,NULL,NULL,NULL,NULL,NULL,NULL,NULL,NULL,NULL,NULL,NULL,NULL,NULL,NULL,NULL,NULL,NULL,"no",NULL
"6e3274ac-7f57-4596-a098-50c0d3050bcb","0101000020910B000030B37B5DBCD22341CEBC8307D7745341",NULL,"stream_crossing",NULL,NULL,NULL,NULL,1,"[""01fb000""]","msa",NULL,NULL,"MODELLED","ROAD",NULL,NULL,NULL,NULL,NULL,NULL,"0.15121686073477167","0.15121686073477167","0.03780421518369292","0.03780421518369292","269852",1,NULL,"0.151216860734772","0.0378042151836929","0.15121686073477200000","0.03780421518369290000","118","156","130","0",0,NULL,NULL,NULL,NULL,NULL,NULL,NULL,NULL,NULL,NULL,NULL,NULL,NULL,NULL,NULL,NULL,NULL,NULL,NULL,NULL,NULL,NULL,NULL,NULL,NULL,NULL,NULL,"no",NULL
"73bee8fb-3335-40b8-960e-ffd352ac9af3","0101000020910B0000CD906DC172212441410A362860A15341",NULL,"stream_crossing",NULL,NULL,NULL,"MacKenzies Brook",4,"[""01fb000""]","msa","Kingross Cross Rd",NULL,"MODELLED","ROAD","obs","bridge",NULL,NULL,NULL,NULL,"2.8595570800712182","2.908314642863944",NULL,NULL,NULL,NULL,NULL,NULL,NULL,NULL,NULL,NULL,NULL,NULL,"1",0,NULL,NULL,NULL,NULL,NULL,NULL,NULL,NULL,NULL,NULL,NULL,NULL,NULL,NULL,NULL,NULL,NULL,NULL,NULL,NULL,NULL,NULL,NULL,NULL,NULL,NULL,NULL,"no",NULL
"587d8e32-fc64-43ec-bc83-4f3951751823","0101000020910B000000E26D0CC2B923418F7860D6D4945341",NULL,"stream_crossing",NULL,NULL,NULL,"Southwest Margaree River",5,"[""01fb000""]","msa","Cabot Trail",NULL,"MODELLED","ROAD","obs","bridge",NULL,NULL,NULL,NULL,"249.92121265425513","289.9562198494923",NULL,NULL,NULL,NULL,NULL,NULL,NULL,NULL,NULL,NULL,NULL,NULL,"1",0,NULL,NULL,NULL,NULL,NULL,NULL,NULL,NULL,NULL,NULL,NULL,NULL,NULL,NULL,NULL,NULL,NULL,NULL,NULL,NULL,NULL,NULL,NULL,NULL,NULL,NULL,NULL,"no",NULL
"aa25a0d3-b50c-4905-8886-1ab5a8f38216","0101000020910B0000E797ABAD0A1E24412F74F31E7DA15341",NULL,"stream_crossing",NULL,NULL,NULL,"Northeast Margaree River",6,"[""01fb000""]","msa","Kingross Cross Rd",NULL,"MODELLED","ROAD","obs","bridge",NULL,NULL,NULL,NULL,"104.01003962847142","131.30605717824173",NULL,NULL,NULL,NULL,NULL,NULL,NULL,NULL,NULL,NULL,NULL,NULL,"1",0,NULL,NULL,NULL,NULL,NULL,NULL,NULL,NULL,NULL,NULL,NULL,NULL,NULL,NULL,NULL,NULL,NULL,NULL,NULL,NULL,NULL,NULL,NULL,NULL,NULL,NULL,NULL,"no",NULL
"307ed15a-1058-4836-92ff-ef3541cc9b04","0101000020910B00000A88D617529B23410D9548921D8F5341",NULL,"stream_crossing",NULL,NULL,NULL,"Collins Brook",3,"[""01fb000""]","msa","Coady Rd",NULL,"MODELLED","ROAD","obs","bridge",NULL,NULL,NULL,NULL,"3.458125330202112","5.724070901831659",NULL,NULL,NULL,NULL,NULL,NULL,NULL,NULL,NULL,NULL,NULL,NULL,"1",0,NULL,NULL,NULL,NULL,NULL,NULL,NULL,NULL,NULL,NULL,NULL,NULL,NULL,NULL,NULL,NULL,NULL,NULL,NULL,NULL,NULL,NULL,NULL,NULL,NULL,NULL,NULL,"no",NULL
"f441befd-5353-4232-9a5f-82406d571f5d","0101000020910B00004172D8480A5E2341E04A8FEB857B5341",NULL,"stream_crossing",NULL,NULL,NULL,"Hays River",3,"[""01fb000""]","msa","MacKinnon Rd",NULL,"MODELLED","ROAD","obs","bridge",NULL,NULL,NULL,NULL,"2.697521833926764","3.1863758492906515",NULL,NULL,NULL,NULL,NULL,NULL,NULL,NULL,NULL,NULL,NULL,NULL,"1",0,NULL,NULL,NULL,NULL,NULL,NULL,NULL,NULL,NULL,NULL,NULL,NULL,NULL,NULL,NULL,NULL,NULL,NULL,NULL,NULL,NULL,NULL,NULL,NULL,NULL,NULL,NULL,"no",NULL
"60aa06f8-9563-4d24-987d-d24aa0b6ec0a","0101000020910B000026CE4E9B9BF123414EC46CEFF4985341",NULL,"stream_crossing",NULL,NULL,NULL,"Marsh Brook",2,"[""01fb000""]","msa","Marsh Brook Rd",NULL,"MODELLED","ROAD","obs","bridge",NULL,NULL,NULL,NULL,"2.2463606841666683","2.6488355085279864",NULL,NULL,NULL,NULL,NULL,NULL,NULL,NULL,NULL,NULL,NULL,NULL,"1",0,NULL,NULL,NULL,NULL,NULL,NULL,NULL,NULL,NULL,NULL,NULL,NULL,NULL,NULL,NULL,NULL,NULL,NULL,NULL,NULL,NULL,NULL,NULL,NULL,NULL,NULL,NULL,"no",NULL
"3f6415ea-0982-470d-8744-8bc20dfbf5d4","0101000020910B00004A17E52528BD23410679ACDCA79C5341",NULL,"stream_crossing",NULL,NULL,NULL,"Mill Valley Brook",3,"[""01fb000""]","msa","Mill Valley Rd",NULL,"MODELLED","ROAD","obs","bridge",NULL,NULL,NULL,NULL,"4.590115261570135","4.786215134448948",NULL,NULL,NULL,NULL,NULL,NULL,NULL,NULL,NULL,NULL,NULL,NULL,"1",0,NULL,NULL,NULL,NULL,NULL,NULL,NULL,NULL,NULL,NULL,NULL,NULL,NULL,NULL,NULL,NULL,NULL,NULL,NULL,NULL,NULL,NULL,NULL,NULL,NULL,NULL,NULL,"no",NULL
"27abae92-528c-4a60-92f4-444f61a04a0f","0101000020910B000007EF7661C8F6234194A6392DC1955341",NULL,"stream_crossing",NULL,NULL,NULL,"Northeast Margaree River",6,"[""01fb000""]","msa","Cranton Cross Rd",NULL,"MODELLED","ROAD","obs","bridge",NULL,NULL,NULL,NULL,"170.24713244884146","207.2852692987519",NULL,NULL,NULL,NULL,NULL,NULL,NULL,NULL,NULL,NULL,NULL,NULL,"1",0,NULL,NULL,NULL,NULL,NULL,NULL,NULL,NULL,NULL,NULL,NULL,NULL,NULL,NULL,NULL,NULL,NULL,NULL,NULL,NULL,NULL,NULL,NULL,NULL,NULL,NULL,NULL,"no",NULL
"cc71b89c-7994-4416-811e-19e0fc6cc645","0101000020910B00004DC0EC2D02E12341CC3E3396A0925341",NULL,"stream_crossing",NULL,NULL,NULL,"Big Brook",3,"[""01fb000""]","msa","Cabot Trail",NULL,"MODELLED","ROAD","obs","bridge",NULL,NULL,NULL,NULL,"15.29546252210822","15.56707999619031",NULL,NULL,NULL,NULL,NULL,NULL,NULL,NULL,NULL,NULL,NULL,NULL,"1",0,NULL,NULL,NULL,NULL,NULL,NULL,NULL,NULL,NULL,NULL,NULL,NULL,NULL,NULL,NULL,NULL,NULL,NULL,NULL,NULL,NULL,NULL,NULL,NULL,NULL,NULL,NULL,"no",NULL
"436f8e90-56a2-4206-a2b0-7633a3367c6c","0101000020910B00004B5250EA31AC2341B19174FDE2895341",NULL,"stream_crossing",NULL,NULL,NULL,"Mount Pleasant Brook",3,"[""01fb000""]","msa","Southwest Margaree Rd",NULL,"MODELLED","ROAD","obs","bridge",NULL,NULL,NULL,NULL,"8.439364216734724","11.158189323746283",NULL,NULL,NULL,NULL,NULL,NULL,NULL,NULL,NULL,NULL,NULL,NULL,"1",0,NULL,NULL,NULL,NULL,NULL,NULL,NULL,NULL,NULL,NULL,NULL,NULL,NULL,NULL,NULL,NULL,NULL,NULL,NULL,NULL,NULL,NULL,NULL,NULL,NULL,NULL,NULL,"no",NULL
"01170a2e-82e0-41cd-8ad1-cab114961030","0101000020910B0000D90B17D4AD052441BAD4C7C9C4925341",NULL,"stream_crossing",NULL,NULL,NULL,"Lake O'Law Brook",4,"[""01fb000""]","msa","Egypt Rd",NULL,"MODELLED","ROAD","obs","bridge",NULL,NULL,NULL,NULL,"12.323193107516667","14.189503127364612",NULL,NULL,NULL,NULL,NULL,NULL,NULL,NULL,NULL,NULL,NULL,NULL,"1",0,NULL,NULL,NULL,NULL,NULL,NULL,NULL,NULL,NULL,NULL,NULL,NULL,NULL,NULL,NULL,NULL,NULL,NULL,NULL,NULL,NULL,NULL,NULL,NULL,NULL,NULL,NULL,"no",NULL
"1eaa618b-06dc-4edc-8bdb-3c0ebb0d5743","0101000020910B0000A5C56C3526BC2341D51B4BFA8D9C5341",NULL,"stream_crossing",NULL,NULL,NULL,"Mill Valley Brook",3,"[""01fb000""]","msa","Scotch Hill Rd",NULL,"MODELLED","ROAD","obs","bridge",NULL,NULL,NULL,NULL,"4.426786094626854","4.622885967505668",NULL,NULL,NULL,NULL,NULL,NULL,NULL,NULL,NULL,NULL,NULL,NULL,"1",0,NULL,NULL,NULL,NULL,NULL,NULL,NULL,NULL,NULL,NULL,NULL,NULL,NULL,NULL,NULL,NULL,NULL,NULL,NULL,NULL,NULL,NULL,NULL,NULL,NULL,NULL,NULL,"no",NULL
"9fde5fe9-389a-45a9-8084-b69096210989","0101000020910B0000714C9971A9B32341936B9DCF09755341",NULL,"stream_crossing",NULL,NULL,NULL,"MacMillan Brook",3,"[""01fb000""]","msa","West Lake Ainslie Rd",NULL,"MODELLED","ROAD","obs","bridge",NULL,NULL,NULL,NULL,"4.411484939207642","4.600242150480913",NULL,NULL,NULL,NULL,NULL,NULL,NULL,NULL,NULL,NULL,NULL,NULL,"1",0,NULL,NULL,NULL,NULL,NULL,NULL,NULL,NULL,NULL,NULL,NULL,NULL,NULL,NULL,NULL,NULL,NULL,NULL,NULL,NULL,NULL,NULL,NULL,NULL,NULL,NULL,NULL,"no",NULL
"dc88786b-20a2-4a6c-85aa-9d5dd1135a49","0101000020910B0000A01C843FB49B2341644ACCAB158E5341",NULL,"stream_crossing",NULL,NULL,NULL,"Captain Allans Brook",3,"[""01fb000""]","msa","Highway 395",NULL,"MODELLED","ROAD","obs","bridge",NULL,NULL,NULL,NULL,"2.7324281967236734","2.7324281967236734",NULL,NULL,NULL,NULL,NULL,NULL,NULL,NULL,NULL,NULL,NULL,NULL,"1",0,NULL,NULL,NULL,NULL,NULL,NULL,NULL,NULL,NULL,NULL,NULL,NULL,NULL,NULL,NULL,NULL,NULL,NULL,NULL,NULL,NULL,NULL,NULL,NULL,NULL,NULL,NULL,"no",NULL
"6e7e5ff0-eb9d-4e27-91ff-12ce3d2fd028","0101000020910B000059CCC52446C623411F161C5480925341",NULL,"stream_crossing",NULL,NULL,NULL,"Mill Brook",2,"[""01fb000""]","msa","Doyles Rd",NULL,"MODELLED","ROAD","obs","bridge",NULL,NULL,NULL,NULL,"1.2695222851497092","1.293285231910505",NULL,NULL,NULL,NULL,NULL,NULL,NULL,NULL,NULL,NULL,NULL,NULL,"1",3,NULL,NULL,NULL,NULL,NULL,NULL,NULL,NULL,NULL,NULL,NULL,NULL,NULL,NULL,NULL,NULL,NULL,NULL,NULL,NULL,NULL,NULL,NULL,NULL,NULL,NULL,NULL,"no",NULL
"367076fb-d2bc-4269-a9b8-b4eedd70ef88","0101000020910B00002C98EB16DD1E244135A652245DA25341",NULL,"stream_crossing",NULL,NULL,NULL,"Stewart Brook",4,"[""01fb000""]","msa","West Big Intervale Rd",NULL,"MODELLED","ROAD","obs","bridge",NULL,NULL,NULL,NULL,"1.0372555670970824","2.863322550958709",NULL,NULL,NULL,NULL,NULL,NULL,NULL,NULL,NULL,NULL,NULL,NULL,"1",0,NULL,NULL,NULL,NULL,NULL,NULL,NULL,NULL,NULL,NULL,NULL,NULL,NULL,NULL,NULL,NULL,NULL,NULL,NULL,NULL,NULL,NULL,NULL,NULL,NULL,NULL,NULL,"no",NULL
"5efadce9-162b-4c1a-b30c-8e9ce055c4c5","0101000020910B000003C085701C012441343C304569965341",NULL,"stream_crossing",NULL,NULL,NULL,"Nile Brook",4,"[""01fb000""]","msa","East Big Intervale Rd",NULL,"MODELLED","ROAD","obs","bridge",NULL,NULL,NULL,NULL,"8.33794227335125","8.605923411203767",NULL,NULL,NULL,NULL,NULL,NULL,NULL,NULL,NULL,NULL,NULL,NULL,"1",0,NULL,NULL,NULL,NULL,NULL,NULL,NULL,NULL,NULL,NULL,NULL,NULL,NULL,NULL,NULL,NULL,NULL,NULL,NULL,NULL,NULL,NULL,NULL,NULL,NULL,NULL,NULL,"no",NULL
"fb6b818b-0130-4549-baea-1c7436b6bf4d","0101000020910B0000B620D50CE1C12341EF2E0908879B5341",NULL,"stream_crossing",NULL,NULL,NULL,NULL,1,"[""01fb000""]","msa","East Margaree Cross Rd",NULL,"MODELLED","ROAD","obs","bridge",NULL,NULL,NULL,NULL,"0.14722036379037579","0.14722036379037579",NULL,NULL,NULL,NULL,NULL,NULL,NULL,NULL,NULL,NULL,NULL,NULL,"1",0,NULL,NULL,NULL,NULL,NULL,NULL,NULL,NULL,NULL,NULL,NULL,NULL,NULL,NULL,NULL,NULL,NULL,NULL,NULL,NULL,NULL,NULL,NULL,NULL,NULL,NULL,NULL,"no",NULL
"4005bd19-79b1-494f-a6f5-f3f3f2cb7b0b","0101000020910B000091968C70F87923417620978C4A7C5341",NULL,"stream_crossing",NULL,NULL,NULL,"Dan MacDonalds Brook",2,"[""01fb000""]","msa","West Lake Ainslie Rd",NULL,"MODELLED","ROAD","obs","bridge",NULL,NULL,NULL,NULL,"5.950385535236109","5.950385535236109",NULL,NULL,NULL,NULL,NULL,NULL,NULL,NULL,NULL,NULL,NULL,NULL,"1",0,NULL,NULL,NULL,NULL,NULL,NULL,NULL,NULL,NULL,NULL,NULL,NULL,NULL,NULL,NULL,NULL,NULL,NULL,NULL,NULL,NULL,NULL,NULL,NULL,NULL,NULL,NULL,"no",NULL
"bd02f21d-816d-4fbc-84ba-fc270cf40fc2","0101000020910B000082AAF770AB59234129654C06377B5341",NULL,"stream_crossing",NULL,NULL,NULL,NULL,2,"[""01fb000""]","msa","Meagher Rd",NULL,"MODELLED","ROAD","obs","bridge",NULL,NULL,NULL,NULL,"0","0.02468011403584002",NULL,NULL,NULL,NULL,NULL,NULL,NULL,NULL,NULL,NULL,NULL,NULL,"1",0,NULL,NULL,NULL,NULL,NULL,NULL,NULL,NULL,NULL,NULL,NULL,NULL,NULL,NULL,NULL,NULL,NULL,NULL,NULL,NULL,NULL,NULL,NULL,NULL,NULL,NULL,NULL,"no",NULL
"363c9f01-8195-47ce-be38-0490c878ed9c","0101000020910B0000101C45A1BF152441E698D9D1C59B5341",NULL,"stream_crossing",NULL,NULL,NULL,"Ingram Brook",5,"[""01fb000""]","msa","East Big Intervale Rd",NULL,"MODELLED","ROAD","obs","bridge",NULL,NULL,NULL,NULL,"10.936385007879933","11.558199012800129",NULL,NULL,NULL,NULL,NULL,NULL,NULL,NULL,NULL,NULL,NULL,NULL,"1",0,NULL,NULL,NULL,NULL,NULL,NULL,NULL,NULL,NULL,NULL,NULL,NULL,NULL,NULL,NULL,NULL,NULL,NULL,NULL,NULL,NULL,NULL,NULL,NULL,NULL,NULL,NULL,"no",NULL
"c8b21c96-09e8-47e4-bf45-ac4642ac7ad6","0101000020910B00008602D96D2563234101255F2C08855341",NULL,"stream_crossing",NULL,NULL,NULL,"Paisela Brook",3,"[""01fb000""]","msa","Mountain Rd",NULL,"MODELLED","ROAD","obs","bridge",NULL,NULL,NULL,NULL,"1.5881041827518352","1.6284250814378676",NULL,NULL,NULL,NULL,NULL,NULL,NULL,NULL,NULL,NULL,NULL,NULL,"1",0,NULL,NULL,NULL,NULL,NULL,NULL,NULL,NULL,NULL,NULL,NULL,NULL,NULL,NULL,NULL,NULL,NULL,NULL,NULL,NULL,NULL,NULL,NULL,NULL,NULL,NULL,NULL,"no",NULL
"b60bf784-4157-455b-8ac2-147527e9879a","0101000020910B0000DF02CAB8ABBE2341E4577513AD9C5341",NULL,"stream_crossing",NULL,NULL,NULL,"Mill Valley Brook",3,"[""01fb000""]","msa","Cabot Trail",NULL,"MODELLED","ROAD","obs","bridge",NULL,NULL,NULL,NULL,"4.83875891386817","5.034858786746983",NULL,NULL,NULL,NULL,NULL,NULL,NULL,NULL,NULL,NULL,NULL,NULL,"1",0,NULL,NULL,NULL,NULL,NULL,NULL,NULL,NULL,NULL,NULL,NULL,NULL,NULL,NULL,NULL,NULL,NULL,NULL,NULL,NULL,NULL,NULL,NULL,NULL,NULL,NULL,NULL,"no",NULL
"cfecc1de-643b-4000-9850-9f6163a8367d","0101000020910B0000A59D19B6484E234114C4A58313805341",NULL,"stream_crossing",NULL,NULL,NULL,"Saddlers Brook",3,"[""01fb000""]","msa","Blackstone Rd",NULL,"MODELLED","ROAD","obs","bridge",NULL,NULL,NULL,NULL,"1.9989154401172535","6.366285852693721",NULL,NULL,NULL,NULL,NULL,NULL,NULL,NULL,NULL,NULL,NULL,NULL,"1",0,NULL,NULL,NULL,NULL,NULL,NULL,NULL,NULL,NULL,NULL,NULL,NULL,NULL,NULL,NULL,NULL,NULL,NULL,NULL,NULL,NULL,NULL,NULL,NULL,NULL,NULL,NULL,"no",NULL
"fdb9e48f-242b-4578-aa50-ffd4164d4eda","0101000020910B0000CC61F0C484EC234164CD152302905341",NULL,"stream_crossing",NULL,NULL,NULL,"Tompkins Brook",3,"[""01fb000""]","msa","Stubbard Rd",NULL,"MODELLED","ROAD","obs","bridge",NULL,NULL,NULL,NULL,"1.252894847550867","1.252894847550867",NULL,NULL,NULL,NULL,NULL,NULL,NULL,NULL,NULL,NULL,NULL,NULL,"1",0,NULL,NULL,NULL,NULL,NULL,NULL,NULL,NULL,NULL,NULL,NULL,NULL,NULL,NULL,NULL,NULL,NULL,NULL,NULL,NULL,NULL,NULL,NULL,NULL,NULL,NULL,NULL,"no",NULL
"26dc7c36-1fd5-4683-a792-6179b0940bbc","0101000020910B000029FCC75C7D2024417C2CF75460A15341",NULL,"stream_crossing",NULL,NULL,NULL,NULL,1,"[""01fb000""]","msa","Kingross Cross Rd",NULL,"MODELLED","ROAD","obs","bridge",NULL,NULL,NULL,NULL,"0.6913153728998584","0.6913153728998584",NULL,NULL,NULL,NULL,NULL,NULL,NULL,NULL,NULL,NULL,NULL,NULL,"1",0,NULL,NULL,NULL,NULL,NULL,NULL,NULL,NULL,NULL,NULL,NULL,NULL,NULL,NULL,NULL,NULL,NULL,NULL,NULL,NULL,NULL,NULL,NULL,NULL,NULL,NULL,NULL,"no",NULL
"5699e204-c1fc-462e-a86f-988f868edfdc","0101000020910B00002DE37C354E222441ED04FA5A96A35341",NULL,"stream_crossing",NULL,NULL,NULL,"Forest Glen Brook",5,"[""01fb000""]","msa","West Big Intervale Rd",NULL,"MODELLED","ROAD","obs","bridge",NULL,NULL,NULL,NULL,"4.703640678528397","16.423772279344472",NULL,NULL,NULL,NULL,NULL,NULL,NULL,NULL,NULL,NULL,NULL,NULL,"1",0,NULL,NULL,NULL,NULL,NULL,NULL,NULL,NULL,NULL,NULL,NULL,NULL,NULL,NULL,NULL,NULL,NULL,NULL,NULL,NULL,NULL,NULL,NULL,NULL,NULL,NULL,NULL,"no",NULL
"74bc52ce-b16d-4117-8c60-6d70e43c517e","0101000020910B0000F4D32BD99C1F244108AB28446A9C5341",NULL,"stream_crossing",NULL,NULL,NULL,"Maggie Ranalds Brook",4,"[""01fb000""]","msa","East Big Intervale Rd",NULL,"MODELLED","ROAD","obs","bridge",NULL,NULL,NULL,NULL,"4.078258393770396","4.181467723285054",NULL,NULL,NULL,NULL,NULL,NULL,NULL,NULL,NULL,NULL,NULL,NULL,"1",0,NULL,NULL,NULL,NULL,NULL,NULL,NULL,NULL,NULL,NULL,NULL,NULL,NULL,NULL,NULL,NULL,NULL,NULL,NULL,NULL,NULL,NULL,NULL,NULL,NULL,NULL,NULL,"no",NULL
"ad88632f-2d83-4993-859d-5b28dbe73b3e","0101000020910B000065513DA000F7234145E5799B6F955341",NULL,"stream_crossing",NULL,NULL,NULL,NULL,1,"[""01fb000""]","msa","Cranton Cross Rd",NULL,"MODELLED","ROAD","obs","bridge",NULL,NULL,NULL,NULL,"0.1952227986021646","0.1952227986021646",NULL,NULL,NULL,NULL,NULL,NULL,NULL,NULL,NULL,NULL,NULL,NULL,"1",0,NULL,NULL,NULL,NULL,NULL,NULL,NULL,NULL,NULL,NULL,NULL,NULL,NULL,NULL,NULL,NULL,NULL,NULL,NULL,NULL,NULL,NULL,NULL,NULL,NULL,NULL,NULL,"no",NULL
"1746691f-24c3-4088-92aa-26da80d93816","0101000020910B0000578EE42126BC234178F225780E945341",NULL,"stream_crossing",NULL,NULL,NULL,NULL,1,"[""01fb000""]","msa","Driveway",NULL,"MODELLED","ROAD",NULL,NULL,NULL,NULL,NULL,NULL,"0.3306635642391493","0.3306635642391493","0.08266589105978732","0.08266589105978732","354662",4,NULL,"1.02736924352631","0.256842310881577","0.25684231088157750000","0.06421057772039425000","94","52","65","0",3,NULL,NULL,NULL,NULL,NULL,NULL,NULL,NULL,NULL,NULL,NULL,NULL,NULL,NULL,NULL,NULL,NULL,NULL,NULL,NULL,NULL,NULL,NULL,NULL,NULL,NULL,NULL,"no",NULL
"2ddb5673-0338-450d-a20f-3dca1b360ddc","0101000020910B0000CB8D1542E1A423411A42A37D84885341",NULL,"stream_crossing",NULL,NULL,NULL,"Southwest Margaree River",5,"[""01fb000""]","msa","Highway 395",NULL,"MODELLED","ROAD","obs","bridge",NULL,NULL,NULL,NULL,"204.68745288227967","231.66632938077697",NULL,NULL,NULL,NULL,NULL,NULL,NULL,NULL,NULL,NULL,NULL,NULL,"1",0,NULL,NULL,NULL,NULL,NULL,NULL,NULL,NULL,NULL,NULL,NULL,NULL,NULL,NULL,NULL,NULL,NULL,NULL,NULL,NULL,NULL,NULL,NULL,NULL,NULL,NULL,NULL,"no",NULL
"80aa9d77-7b89-4583-902c-c2ff74d4407b","0101000020910B0000578DE130CE0D2441C06500EBEF8D5341",NULL,"stream_crossing",NULL,NULL,NULL,NULL,3,"[""01fb000""]","msa","Driveway",NULL,"MODELLED","ROAD","obs","bridge",NULL,NULL,NULL,NULL,"4.257430587996538","5.196010418571448",NULL,NULL,NULL,NULL,NULL,NULL,NULL,NULL,NULL,NULL,NULL,NULL,"1",0,NULL,NULL,NULL,NULL,NULL,NULL,NULL,NULL,NULL,NULL,NULL,NULL,NULL,NULL,NULL,NULL,NULL,NULL,NULL,NULL,NULL,NULL,NULL,NULL,NULL,NULL,NULL,"no",NULL
"7b16fb76-030d-46f2-a069-8b833dfeac15","0101000020910B00007F4799C863C4234162777196859B5341",NULL,"stream_crossing",NULL,NULL,NULL,"Margaree River",6,"[""01fb000""]","msa","East Margaree Cross Rd",NULL,"MODELLED","ROAD","obs","bridge",NULL,NULL,NULL,NULL,"525.4710802931996","639.9696412426189",NULL,NULL,NULL,NULL,NULL,NULL,NULL,NULL,NULL,NULL,NULL,NULL,"1",0,NULL,NULL,NULL,NULL,NULL,NULL,NULL,NULL,NULL,NULL,NULL,NULL,NULL,NULL,NULL,NULL,NULL,NULL,NULL,NULL,NULL,NULL,NULL,NULL,NULL,NULL,NULL,"no",NULL
"dadf031a-7811-433f-9a63-102c0bb10dae","0101000020910B0000A3D01473CD082441EB7C273F239C5341",NULL,"stream_crossing",NULL,NULL,NULL,"Northeast Margaree River",6,"[""01fb000""]","msa","West Big Intervale Rd",NULL,"MODELLED","ROAD","obs","bridge",NULL,NULL,NULL,NULL,"121.53084594900758","151.35843971621944",NULL,NULL,NULL,NULL,NULL,NULL,NULL,NULL,NULL,NULL,NULL,NULL,"1",0,NULL,NULL,NULL,NULL,NULL,NULL,NULL,NULL,NULL,NULL,NULL,NULL,NULL,NULL,NULL,NULL,NULL,NULL,NULL,NULL,NULL,NULL,NULL,NULL,NULL,NULL,NULL,"no",NULL
"94f31d08-7649-483b-861f-cb3a8ef0261a","0101000020910B0000AB02A26BE0F323416728556D6A945341",NULL,"stream_crossing",NULL,NULL,NULL,"Lake O'Law Brook",4,"[""01fb000""]","msa","Track",NULL,"MODELLED","ROAD","obs","bridge",NULL,NULL,NULL,NULL,"19.880454853726125","25.156271923079384",NULL,NULL,NULL,NULL,NULL,NULL,NULL,NULL,NULL,NULL,NULL,NULL,"1",0,NULL,NULL,NULL,NULL,NULL,NULL,NULL,NULL,NULL,NULL,NULL,NULL,NULL,NULL,NULL,NULL,NULL,NULL,NULL,NULL,NULL,NULL,NULL,NULL,NULL,NULL,NULL,"no",NULL
"3af572a5-ecc7-40de-9bdd-75f2aff9981b","0101000020910B0000EEC92046DE94234158D79FADE5845341",NULL,"stream_crossing",NULL,NULL,NULL,"Gillis Brook",4,"[""01fb000""]","msa","Lakeview Dr",NULL,"MODELLED","ROAD","obs","bridge",NULL,NULL,NULL,NULL,"4.9564474823305815","5.712781009103873",NULL,NULL,NULL,NULL,NULL,NULL,NULL,NULL,NULL,NULL,NULL,NULL,"1",0,NULL,NULL,NULL,NULL,NULL,NULL,NULL,NULL,NULL,NULL,NULL,NULL,NULL,NULL,NULL,NULL,NULL,NULL,NULL,NULL,NULL,NULL,NULL,NULL,NULL,NULL,NULL,"no",NULL
"e2594e50-144b-4a24-a51f-782da3ec4fbb","0101000020910B0000A559D83A2111244159F3B4F61B965341",NULL,"stream_crossing",NULL,NULL,NULL,"Nile Brook",4,"[""01fb000""]","msa","Ross Rd",NULL,"MODELLED","ROAD","obs","bridge",NULL,NULL,NULL,NULL,"5.676225464249415","5.944206602101933",NULL,NULL,NULL,NULL,NULL,NULL,NULL,NULL,NULL,NULL,NULL,NULL,"1",0,NULL,NULL,NULL,NULL,NULL,NULL,NULL,NULL,NULL,NULL,NULL,NULL,NULL,NULL,NULL,NULL,NULL,NULL,NULL,NULL,NULL,NULL,NULL,NULL,NULL,NULL,NULL,"no",NULL
"189037c3-5e4b-4abb-aaad-b4c8c2bc5815","0101000020910B00008A264CF8D5222441FF8355DFF59C5341",NULL,"stream_crossing",NULL,NULL,NULL,"Ingram Brook",4,"[""01fb000""]","msa","East Big Intervale Rd",NULL,"MODELLED","ROAD","obs","bridge",NULL,NULL,NULL,NULL,"3.034261524370996","3.2707362368142148",NULL,NULL,NULL,NULL,NULL,NULL,NULL,NULL,NULL,NULL,NULL,NULL,"1",0,NULL,NULL,NULL,NULL,NULL,NULL,NULL,NULL,NULL,NULL,NULL,NULL,NULL,NULL,NULL,NULL,NULL,NULL,NULL,NULL,NULL,NULL,NULL,NULL,NULL,NULL,NULL,"no",NULL
"69443816-2b7e-4fc2-a6e5-e82b2f69e6a4","0101000020910B0000FC19625536A123413E1B528EC87F5341",NULL,"stream_crossing",NULL,NULL,NULL,"Ranalds Brook",4,"[""01fb000""]","msa","Highway 395",NULL,"MODELLED","ROAD","obs","bridge",NULL,NULL,NULL,NULL,"2.088085028166082","4.461229755948405",NULL,NULL,NULL,NULL,NULL,NULL,NULL,NULL,NULL,NULL,NULL,NULL,"1",0,NULL,NULL,NULL,NULL,NULL,NULL,NULL,NULL,NULL,NULL,NULL,NULL,NULL,NULL,NULL,NULL,NULL,NULL,NULL,NULL,NULL,NULL,NULL,NULL,NULL,NULL,NULL,"no",NULL
"f59a16bb-1b6a-4668-afa0-327ad4d4301a","0101000020910B0000C981A9E0FE9E2341E7FA8A93BF8E5341",NULL,"stream_crossing",NULL,NULL,NULL,"Southwest Margaree River",5,"[""01fb000""]","msa","Highway 19",NULL,"MODELLED","ROAD","obs","bridge",NULL,NULL,NULL,NULL,"226.56414188972252","258.38288022562386",NULL,NULL,NULL,NULL,NULL,NULL,NULL,NULL,NULL,NULL,NULL,NULL,"1",0,NULL,NULL,NULL,NULL,NULL,NULL,NULL,NULL,NULL,NULL,NULL,NULL,NULL,NULL,NULL,NULL,NULL,NULL,NULL,NULL,NULL,NULL,NULL,NULL,NULL,NULL,NULL,"no",NULL
"664a6de8-aec4-40a9-859c-4c5d6a29ae57","0101000020910B00000A85E3759FFF2341FFA17597F5995341",NULL,"stream_crossing",NULL,NULL,NULL,"Marsh Brook",2,"[""01fb000""]","msa","West Big Intervale Rd",NULL,"MODELLED","ROAD","obs","bridge",NULL,NULL,NULL,NULL,"6.444439848389894","7.126402447063083",NULL,NULL,NULL,NULL,NULL,NULL,NULL,NULL,NULL,NULL,NULL,NULL,"1",0,NULL,NULL,NULL,NULL,NULL,NULL,NULL,NULL,NULL,NULL,NULL,NULL,NULL,NULL,NULL,NULL,NULL,NULL,NULL,NULL,NULL,NULL,NULL,NULL,NULL,NULL,NULL,"no",NULL
"1baec25b-1d89-4ff9-9400-36e7cfea4fbf","0101000020910B00006BDF8D46AF0E24417A11214C34965341",NULL,"stream_crossing",NULL,NULL,NULL,"Nile Brook",4,"[""01fb000""]","msa","Egypt Rd",NULL,"MODELLED","ROAD","obs","bridge",NULL,NULL,NULL,NULL,"6.101045559856874","6.3690266977093914",NULL,NULL,NULL,NULL,NULL,NULL,NULL,NULL,NULL,NULL,NULL,NULL,"1",0,NULL,NULL,NULL,NULL,NULL,NULL,NULL,NULL,NULL,NULL,NULL,NULL,NULL,NULL,NULL,NULL,NULL,NULL,NULL,NULL,NULL,NULL,NULL,NULL,NULL,NULL,NULL,"no",NULL
"2b38a87e-ebd1-419b-935c-94a56f0d8102","0101000020910B00008EA52EC22CA42341D30C91637E785341",NULL,"stream_crossing",NULL,NULL,NULL,"Camerons Brook",2,"[""01fb000""]","msa","West Lake Ainslie Rd",NULL,"MODELLED","ROAD","obs","bridge",NULL,NULL,NULL,NULL,"4.630288573161578","4.630288573161578",NULL,NULL,NULL,NULL,NULL,NULL,NULL,NULL,NULL,NULL,NULL,NULL,"1",0,NULL,NULL,NULL,NULL,NULL,NULL,NULL,NULL,NULL,NULL,NULL,NULL,NULL,NULL,NULL,NULL,NULL,NULL,NULL,NULL,NULL,NULL,NULL,NULL,NULL,NULL,NULL,"no",NULL
"548ce5b6-979d-4667-bbcc-7a796d47fd77","0101000020910B00002F656DFE73B923419CBC09E7A1755341",NULL,"stream_crossing",NULL,NULL,NULL,"MacKays Brook",3,"[""01fb000""]","msa","Highway 395",NULL,"MODELLED","ROAD","obs","bridge",NULL,NULL,NULL,NULL,"1.8468885957538073","2.393269699234044",NULL,NULL,NULL,NULL,NULL,NULL,NULL,NULL,NULL,NULL,NULL,NULL,"1",0,NULL,NULL,NULL,NULL,NULL,NULL,NULL,NULL,NULL,NULL,NULL,NULL,NULL,NULL,NULL,NULL,NULL,NULL,NULL,NULL,NULL,NULL,NULL,NULL,NULL,NULL,NULL,"no",NULL
"59ce5ff5-2ab5-412a-8b19-b9ab11961938","0101000020910B000017700CA102ED2341FE38EF853A945341",NULL,"stream_crossing",NULL,NULL,NULL,"Lake O'Law Brook",4,"[""01fb000""]","msa","Doctor Park Lane",NULL,"MODELLED","ROAD","obs","bridge",NULL,NULL,NULL,NULL,"21.67658625745771","26.95240332681097",NULL,NULL,NULL,NULL,NULL,NULL,NULL,NULL,NULL,NULL,NULL,NULL,"1",0,NULL,NULL,NULL,NULL,NULL,NULL,NULL,NULL,NULL,NULL,NULL,NULL,NULL,NULL,NULL,NULL,NULL,NULL,NULL,NULL,NULL,NULL,NULL,NULL,NULL,NULL,NULL,"no",NULL
"b1f4c09e-d490-4f13-8d34-1927a55125da","0101000020910B0000152EBED741DE23419092C4671A9A5341",NULL,"stream_crossing",NULL,NULL,NULL,"Gallant River",5,"[""01fb000""]","msa","Marsh Brook Rd",NULL,"MODELLED","ROAD","obs","bridge",NULL,NULL,NULL,NULL,"9.168760075604611","20.785230722151997",NULL,NULL,NULL,NULL,NULL,NULL,NULL,NULL,NULL,NULL,NULL,NULL,"1",0,NULL,NULL,NULL,NULL,NULL,NULL,NULL,NULL,NULL,NULL,NULL,NULL,NULL,NULL,NULL,NULL,NULL,NULL,NULL,NULL,NULL,NULL,NULL,NULL,NULL,NULL,NULL,"no",NULL
"486d321a-998d-4ec8-8504-d1130f82519a","0101000020910B0000DC9B322AB9A12341730B78DA3D875341",NULL,"stream_crossing",NULL,NULL,NULL,"Egypt Brook",3,"[""01fb000""]","msa","Highway 395",NULL,"MODELLED","ROAD","obs","bridge",NULL,NULL,NULL,NULL,"0.2565801288284993","0.2565801288284993",NULL,NULL,NULL,NULL,NULL,NULL,NULL,NULL,NULL,NULL,NULL,NULL,"1",0,NULL,NULL,NULL,NULL,NULL,NULL,NULL,NULL,NULL,NULL,NULL,NULL,NULL,NULL,NULL,NULL,NULL,NULL,NULL,NULL,NULL,NULL,NULL,NULL,NULL,NULL,NULL,"no",NULL
"d448ee7b-598c-4826-9ae9-be0ec0bab739","0101000020910B0000A9179CFC709F23419A999979BD865341",NULL,"stream_crossing",NULL,NULL,NULL,"MacFarlanes Brook",4,"[""01fb000""]","msa","Highway 395",NULL,"MODELLED","ROAD","obs","bridge",NULL,NULL,NULL,NULL,"2.7010719113217148","2.7010719113217148",NULL,NULL,NULL,NULL,NULL,NULL,NULL,NULL,NULL,NULL,NULL,NULL,"1",0,NULL,NULL,NULL,NULL,NULL,NULL,NULL,NULL,NULL,NULL,NULL,NULL,NULL,NULL,NULL,NULL,NULL,NULL,NULL,NULL,NULL,NULL,NULL,NULL,NULL,NULL,NULL,"no",NULL
"875fd6e5-eb25-4c95-9d77-2ff314193856","0101000020910B0000811CCEC2DF0224410D65DDC13D985341",NULL,"stream_crossing",NULL,NULL,NULL,"Northeast Margaree River",6,"[""01fb000""]","msa","Crowdis Cross Rd",NULL,"MODELLED","ROAD","obs","bridge",NULL,NULL,NULL,NULL,"154.46393052616722","189.27107542253523",NULL,NULL,NULL,NULL,NULL,NULL,NULL,NULL,NULL,NULL,NULL,NULL,"1",0,NULL,NULL,NULL,NULL,NULL,NULL,NULL,NULL,NULL,NULL,NULL,NULL,NULL,NULL,NULL,NULL,NULL,NULL,NULL,NULL,NULL,NULL,NULL,NULL,NULL,NULL,NULL,"no",NULL
"8c901017-731c-49e7-b74f-5400c9c0d678","0101000020910B0000999460930F0724418EEF58CCFD985341",NULL,"stream_crossing",NULL,NULL,NULL,"Ingram Brook",5,"[""01fb000""]","msa","Hatchery Rd",NULL,"MODELLED","ROAD","obs","bridge",NULL,NULL,NULL,NULL,"16.93520273705486","19.042577794257383",NULL,NULL,NULL,NULL,NULL,NULL,NULL,NULL,NULL,NULL,NULL,NULL,"1",0,NULL,NULL,NULL,NULL,NULL,NULL,NULL,NULL,NULL,NULL,NULL,NULL,NULL,NULL,NULL,NULL,NULL,NULL,NULL,NULL,NULL,NULL,NULL,NULL,NULL,NULL,NULL,"no",NULL
"bc2846a7-1e80-43e8-ba59-7d08a5c717eb","0101000020910B00006772428398A72341DF0D71BB067B5341",NULL,"stream_crossing",NULL,NULL,NULL,"Trout Brook",4,"[""01fb000""]","msa","Highway 395",NULL,"MODELLED","ROAD","obs","bridge",NULL,NULL,NULL,NULL,"36.14093758466368","38.78742189376871",NULL,NULL,NULL,NULL,NULL,NULL,NULL,NULL,NULL,NULL,NULL,NULL,"1",0,NULL,NULL,NULL,NULL,NULL,NULL,NULL,NULL,NULL,NULL,NULL,NULL,NULL,NULL,NULL,NULL,NULL,NULL,NULL,NULL,NULL,NULL,NULL,NULL,NULL,NULL,NULL,"no",NULL
"6fccd1bc-e8cd-4027-b8cf-0814467390dc","0101000020910B0000B173CACB9E5223417DF7040E2B815341",NULL,"stream_crossing",NULL,NULL,NULL,"Black River",4,"[""01fb000""]","msa","West Lake Ainslie Rd",NULL,"MODELLED","ROAD","obs","bridge",NULL,NULL,NULL,NULL,"26.614157773146406","32.583486915547404",NULL,NULL,NULL,NULL,NULL,NULL,NULL,NULL,NULL,NULL,NULL,NULL,"1",0,NULL,NULL,NULL,NULL,NULL,NULL,NULL,NULL,NULL,NULL,NULL,NULL,NULL,NULL,NULL,NULL,NULL,NULL,NULL,NULL,NULL,NULL,NULL,NULL,NULL,NULL,NULL,"no",NULL
"1af8742b-89e3-4021-b19e-9361b6af7c60","0101000020910B00001AAB425942C82341A8AE4CE4A79A5341",NULL,"stream_crossing",NULL,NULL,NULL,"Gallant River",5,"[""01fb000""]","msa","East Margaree Rd",NULL,"MODELLED","ROAD","obs","bridge",NULL,NULL,NULL,NULL,"12.39142932873052","24.90605259600879",NULL,NULL,NULL,NULL,NULL,NULL,NULL,NULL,NULL,NULL,NULL,NULL,"1",0,NULL,NULL,NULL,NULL,NULL,NULL,NULL,NULL,NULL,NULL,NULL,NULL,NULL,NULL,NULL,NULL,NULL,NULL,NULL,NULL,NULL,NULL,NULL,NULL,NULL,NULL,NULL,"no",NULL
"975bda8c-84fa-4244-a80e-f5d06050d6e2","0101000020910B0000680CB32D240E24410568F61B5A995341",NULL,"stream_crossing",NULL,NULL,NULL,"Ingram Brook",5,"[""01fb000""]","msa","East Big Intervale Rd",NULL,"MODELLED","ROAD","obs","bridge",NULL,NULL,NULL,NULL,"15.471146528999101","17.578521586201628",NULL,NULL,NULL,NULL,NULL,NULL,NULL,NULL,NULL,NULL,NULL,NULL,"1",0,NULL,NULL,NULL,NULL,NULL,NULL,NULL,NULL,NULL,NULL,NULL,NULL,NULL,NULL,NULL,NULL,NULL,NULL,NULL,NULL,NULL,NULL,NULL,NULL,NULL,NULL,NULL,"no",NULL
"d67c84c5-c8b3-4647-8e1b-f1681170efe7","0101000020910B00008787D6E2D3D723411A39257C4D8C5341",NULL,"stream_crossing",NULL,NULL,NULL,"Pine Brook",2,"[""01fb000""]","msa","Dryweather",NULL,"MODELLED","ROAD","obs","bridge",NULL,NULL,NULL,NULL,"0.3268321460498314","0.3268321460498314",NULL,NULL,NULL,NULL,NULL,NULL,NULL,NULL,NULL,NULL,NULL,NULL,"1",0,NULL,NULL,NULL,NULL,NULL,NULL,NULL,NULL,NULL,NULL,NULL,NULL,NULL,NULL,NULL,NULL,NULL,NULL,NULL,NULL,NULL,NULL,NULL,NULL,NULL,NULL,NULL,"no",NULL
"fad99eeb-f081-47db-981c-919137fe75ed","0101000020910B0000F0B9D3D13DA32341395322CBDD7F5341",NULL,"stream_crossing",NULL,NULL,NULL,"Ranalds Brook",4,"[""01fb000""]","msa","Glenmore Rd",NULL,"MODELLED","ROAD","obs","bridge",NULL,NULL,NULL,NULL,"1.648579547858774","3.8062890324743566",NULL,NULL,NULL,NULL,NULL,NULL,NULL,NULL,NULL,NULL,NULL,NULL,"1",0,NULL,NULL,NULL,NULL,NULL,NULL,NULL,NULL,NULL,NULL,NULL,NULL,NULL,NULL,NULL,NULL,NULL,NULL,NULL,NULL,NULL,NULL,NULL,NULL,NULL,NULL,NULL,"no",NULL
"adda337b-3da4-4fab-a1e4-42a3a9154b87","0101000020910B000027BCFDD75BE62341C264DBB003935341",NULL,"stream_crossing",NULL,NULL,NULL,"Salt Brook",3,"[""01fb000""]","msa","Cabot Trail",NULL,"MODELLED","ROAD","obs","bridge",NULL,NULL,NULL,NULL,"12.924079057299032","17.055990743227724",NULL,NULL,NULL,NULL,NULL,NULL,NULL,NULL,NULL,NULL,NULL,NULL,"1",0,NULL,NULL,NULL,NULL,NULL,NULL,NULL,NULL,NULL,NULL,NULL,NULL,NULL,NULL,NULL,NULL,NULL,NULL,NULL,NULL,NULL,NULL,NULL,NULL,NULL,NULL,NULL,"no",NULL
"1739c1bc-1fb3-43da-87bd-96bac3c1a10b","0101000020910B00003AAA28AA439823412C5274E2AE845341",NULL,"stream_crossing",NULL,NULL,NULL,"Southwest Margaree River",5,"[""01fb000""]","msa","Strathlorne-Scotsville Rd",NULL,"MODELLED","ROAD","obs","bridge",NULL,NULL,NULL,NULL,"189.8350644448757","215.85105724713793",NULL,NULL,NULL,NULL,NULL,NULL,NULL,NULL,NULL,NULL,NULL,NULL,"1",0,NULL,NULL,NULL,NULL,NULL,NULL,NULL,NULL,NULL,NULL,NULL,NULL,NULL,NULL,NULL,NULL,NULL,NULL,NULL,NULL,NULL,NULL,NULL,NULL,NULL,NULL,NULL,"no",NULL
"e0454366-7935-47ae-a0e3-1944b12a5132","0101000020910B00006323AA1C70BC2341D23B09B2FD955341",NULL,"stream_crossing",NULL,NULL,NULL,NULL,1,"[""01fb000""]","msa","Cabot Trail",NULL,"MODELLED","ROAD",NULL,NULL,NULL,NULL,NULL,NULL,"0.03749098365936078","0.03749098365936078","0.009372745914840195","0.009372745914840195","547412",1,"{606522}","0.0374909836593608","0.00937274591484019","0.03749098365936080000","0.00937274591484019000","240","196","211","0",2,NULL,NULL,NULL,NULL,NULL,NULL,NULL,NULL,NULL,NULL,NULL,NULL,NULL,NULL,NULL,NULL,NULL,NULL,NULL,NULL,NULL,NULL,NULL,NULL,NULL,NULL,NULL,"no",NULL
"481b0c30-4687-449b-a11f-daa8a645be78","0101000020910B00009975C3B3FCC5234141E5997519945341",NULL,"stream_crossing",NULL,NULL,NULL,"Northeast Margaree River",6,"[""01fb000""]","msa","East Margaree Rd",NULL,"MODELLED","ROAD","obs","bridge",NULL,NULL,NULL,NULL,"240.07028852398875","291.89570542408677",NULL,NULL,NULL,NULL,NULL,NULL,NULL,NULL,NULL,NULL,NULL,NULL,"1",0,NULL,NULL,NULL,NULL,NULL,NULL,NULL,NULL,NULL,NULL,NULL,NULL,NULL,NULL,NULL,NULL,NULL,NULL,NULL,NULL,NULL,NULL,NULL,NULL,NULL,NULL,NULL,"no",NULL
"aea98556-b0e4-45f9-8ff9-d23edc50d602","0101000020910B0000F32C486DB2392441A5C5F25D24AC5341",NULL,"stream_crossing",NULL,NULL,NULL,NULL,1,"[""01fb000""]","msa",NULL,NULL,"MODELLED","ROAD",NULL,NULL,NULL,NULL,NULL,NULL,"0.1722009360978883","0.1722009360978883","0.04305023402447208","0.04305023402447208","262142",1,NULL,"0.172200936097888","0.0430502340244721","0.17220093609788800000","0.04305023402447210000","116","150","126","0",0,NULL,NULL,NULL,NULL,NULL,NULL,NULL,NULL,NULL,NULL,NULL,NULL,NULL,NULL,NULL,NULL,NULL,NULL,NULL,NULL,NULL,NULL,NULL,NULL,NULL,NULL,NULL,"no",NULL
"ee26f20d-11b7-4323-8d6a-588b31914ec3","0101000020910B000064DE890B84FA234168FF53BC15A15341",NULL,"stream_crossing",NULL,NULL,NULL,NULL,1,"[""01fb000""]","msa",NULL,NULL,"MODELLED","ROAD",NULL,NULL,NULL,NULL,NULL,NULL,"0.02286035721345148","0.02286035721345148","0.00571508930336287","0.00571508930336287","385502",1,NULL,"0.0228603572134515","0.00571508930336287","0.02286035721345150000","0.00571508930336287000","148","200","178","0",0,NULL,NULL,NULL,NULL,NULL,NULL,NULL,NULL,NULL,NULL,NULL,NULL,NULL,NULL,NULL,NULL,NULL,NULL,NULL,NULL,NULL,NULL,NULL,NULL,NULL,NULL,NULL,"no",NULL
"42748b32-f4e5-4335-9200-46ebf8456547","0101000020910B00004F5449B4617D23417132608B3C835341",NULL,"stream_crossing",NULL,NULL,NULL,NULL,1,"[""01fb000""]","msa","Track",NULL,"MODELLED","ROAD",NULL,NULL,NULL,NULL,NULL,NULL,"0.10001461970968689","0.10001461970968689","0.025003654927421723","0.025003654927421723","257003",1,"{257002}","0.100014619709687","0.0250036549274217","0.10001461970968700000","0.02500365492742170000","202","170","194","0",1,NULL,NULL,NULL,NULL,NULL,NULL,NULL,NULL,NULL,NULL,NULL,NULL,NULL,NULL,NULL,NULL,NULL,NULL,NULL,NULL,NULL,NULL,NULL,NULL,NULL,NULL,NULL,"no",NULL
"8a3ecb9c-aff2-40c0-b7bc-e9843c5d4475","0101000020910B0000967FE04810CD2341330B87BF039B5341",NULL,"stream_crossing",NULL,NULL,NULL,NULL,2,"[""01fb000""]","msa","Track",NULL,"MODELLED","ROAD",NULL,NULL,NULL,NULL,NULL,NULL,"0","0.47115768152092563","0","0.23765418778021125","542272",3,NULL,"0.471157681520926","0.237654187780211","0.15705256050697533333","0.07921806259340366667","84","54","62","0",1,NULL,NULL,NULL,NULL,NULL,NULL,NULL,NULL,NULL,NULL,NULL,NULL,NULL,NULL,NULL,NULL,NULL,NULL,NULL,NULL,NULL,NULL,NULL,NULL,NULL,NULL,NULL,"no",NULL
"7307454f-dd01-4323-8eaf-175beb762ec7","0101000020910B000073CF5BDF027B234139059B5445835341",NULL,"stream_crossing",NULL,NULL,NULL,"Hugh MacQuarries Brook",2,"[""01fb000""]","msa","Driveway",NULL,"MODELLED","ROAD",NULL,NULL,NULL,NULL,NULL,NULL,"0","0.26600944712811314","0","0.19950708534608486","539702",2,NULL,"0.266009447128113","0.199507085346085","0.13300472356405650000","0.09975354267304250000","74","61","60","0",0,NULL,NULL,NULL,NULL,NULL,NULL,NULL,NULL,NULL,NULL,NULL,NULL,NULL,NULL,NULL,NULL,NULL,NULL,NULL,NULL,NULL,NULL,NULL,NULL,NULL,NULL,NULL,"no",NULL
"a5cc257f-dbc3-4a18-9021-40c010e90f51","0101000020910B0000CE2CB896AE152441435BBCC3CA9B5341",NULL,"stream_crossing",NULL,NULL,NULL,NULL,2,"[""01fb000""]","msa","Driveway",NULL,"MODELLED","ROAD",NULL,NULL,NULL,NULL,NULL,NULL,"0.2821299629623188","0.2821299629623188","0.21159747222173908","0.21159747222173908","203032",1,NULL,"0.282129962962319","0.211597472221739","0.28212996296231900000","0.21159747222173900000","44","58","44","0",0,NULL,NULL,NULL,NULL,NULL,NULL,NULL,NULL,NULL,NULL,NULL,NULL,NULL,NULL,NULL,NULL,NULL,NULL,NULL,NULL,NULL,NULL,NULL,NULL,NULL,NULL,NULL,"no",NULL
"9cd9273a-403d-46ab-84c1-23b8dabba961","0101000020910B000020E066E9ADCB2341777B72A213945341",NULL,"stream_crossing",NULL,NULL,NULL,NULL,1,"[""01fb000""]","msa","Track",NULL,"MODELLED","ROAD",NULL,NULL,NULL,NULL,NULL,NULL,"0.5489639283913996","0.5489639283913996","0.1372409820978499","0.1372409820978499","131072",1,NULL,"0.5489639283914","0.13724098209785","0.54896392839140000000","0.13724098209785000000","65","88","68","0",0,NULL,NULL,NULL,NULL,NULL,NULL,NULL,NULL,NULL,NULL,NULL,NULL,NULL,NULL,NULL,NULL,NULL,NULL,NULL,NULL,NULL,NULL,NULL,NULL,NULL,NULL,NULL,"no",NULL
"302aa98f-7db1-4ad2-b3ba-853575ab12bd","0101000020910B0000A3D385A9DF652441D9D068A2E1AD5341",NULL,"stream_crossing",NULL,NULL,NULL,NULL,2,"[""01fb000""]","msa","Track",NULL,"MODELLED","ROAD",NULL,NULL,NULL,NULL,NULL,NULL,"0.47595165860401856","0.47595165860401856","0.2101575372689888","0.2101575372689888","143922",1,NULL,"0.475951658604019","0.210157537268989","0.47595165860401900000","0.21015753726898900000","45","59","45","0",0,NULL,NULL,NULL,NULL,NULL,NULL,NULL,NULL,NULL,NULL,NULL,NULL,NULL,NULL,NULL,NULL,NULL,NULL,NULL,NULL,NULL,NULL,NULL,NULL,NULL,NULL,NULL,"no",NULL
"17cb92cc-117b-439e-9525-10a4fa46ebb9","0101000020910B0000A14220FEBD7D23411787B53C2F835341",NULL,"stream_crossing",NULL,NULL,NULL,NULL,1,"[""01fb000""]","msa","Track",NULL,"MODELLED","ROAD",NULL,NULL,NULL,NULL,NULL,NULL,"0.24854805739012897","0.4487611231687321","0.06213701434753224","0.11219028079218303","221022",1,NULL,"0.248548057390129","0.0621370143475322","0.24854805739012900000","0.06213701434753220000","96","101","87","0",0,NULL,NULL,NULL,NULL,NULL,NULL,NULL,NULL,NULL,NULL,NULL,NULL,NULL,NULL,NULL,NULL,NULL,NULL,NULL,NULL,NULL,NULL,NULL,NULL,NULL,NULL,NULL,"no",NULL
"f4c5a0d1-2c9f-4673-842b-abac879cf210","0101000020910B00002C7079A42B522341354123E194805341",NULL,"stream_crossing",NULL,NULL,NULL,NULL,1,"[""01fb000""]","msa","Blackstone Rd",NULL,"MODELLED","ROAD",NULL,NULL,NULL,NULL,NULL,NULL,"0.14895573816916577","0.14895573816916577","0.03723893454229144","0.03723893454229144","272422",1,NULL,"0.148955738169166","0.0372389345422914","0.14895573816916600000","0.03723893454229140000","119","157","132","0",0,NULL,NULL,NULL,NULL,NULL,NULL,NULL,NULL,NULL,NULL,NULL,NULL,NULL,NULL,NULL,NULL,NULL,NULL,NULL,NULL,NULL,NULL,NULL,NULL,NULL,NULL,NULL,"no",NULL
"45cec41c-645d-45fd-be12-66cc13122c7d","0101000020910B0000DF268859B2662441504438DA00A35341",NULL,"stream_crossing",NULL,NULL,NULL,NULL,2,"[""01fb000""]","msa",NULL,NULL,"MODELLED","ROAD",NULL,NULL,NULL,NULL,NULL,NULL,"0.26425323705086","0.26425323705086","0.19818992778814504","0.19818992778814504","215882",1,NULL,"0.26425323705086","0.198189927788145","0.26425323705086000000","0.19818992778814500000","48","62","48","0",0,NULL,NULL,NULL,NULL,NULL,NULL,NULL,NULL,NULL,NULL,NULL,NULL,NULL,NULL,NULL,NULL,NULL,NULL,NULL,NULL,NULL,NULL,NULL,NULL,NULL,NULL,NULL,"no",NULL
"1597287c-7764-4089-b094-683b54051d62","0101000020910B00001937830FD6E92341876FED7D729A5341",NULL,"stream_crossing",NULL,NULL,NULL,"Deep Brook",2,"[""01fb000""]","msa",NULL,NULL,"MODELLED","ROAD",NULL,NULL,NULL,NULL,NULL,NULL,"0","0.24588191516604005","0","0.06147047879151001","2572",4,NULL,"0.24588191516604","0.06147047879151","0.06147047879151000000","0.01536761969787750000","138","133","127","0",2,NULL,NULL,NULL,NULL,NULL,NULL,NULL,NULL,NULL,NULL,NULL,NULL,NULL,NULL,NULL,NULL,NULL,NULL,NULL,NULL,NULL,NULL,NULL,NULL,NULL,NULL,NULL,"no",NULL
"595c0502-229c-4b27-b80f-644bcfe8189d","0101000020910B000024DC5738230024418B54B0C13E9B5341",NULL,"stream_crossing",NULL,NULL,NULL,NULL,1,"[""01fb000""]","msa","Track",NULL,"MODELLED","ROAD",NULL,NULL,NULL,NULL,NULL,NULL,"0.10678292049880878","0.10678292049880878","0.026695730124702194","0.026695730124702194","534562",1,"{282702}","0.106782920498809","0.0266957301247022","0.10678292049880900000","0.02669573012470220000","236","167","202","0",2,NULL,NULL,NULL,NULL,NULL,NULL,NULL,NULL,NULL,NULL,NULL,NULL,NULL,NULL,NULL,NULL,NULL,NULL,NULL,NULL,NULL,NULL,NULL,NULL,NULL,NULL,NULL,"no",NULL
"33e0e37e-a988-4398-8fec-229cc29565d6","0101000020910B000093E63A53307F23413590D6AAEB875341",NULL,"stream_crossing",NULL,NULL,NULL,"Gillis Brook",3,"[""01fb000""]","msa","Track",NULL,"MODELLED","ROAD",NULL,NULL,NULL,NULL,NULL,NULL,"0.6817168600361889","0.7563335267732924","0.6817168600361889","0.7003710267204648","102802",1,NULL,"0.681716860036189","0.681716860036189","0.68171686003618900000","0.68171686003618900000","12","21","18","0",0,"Gillis Brook at Unnamed Track",NULL,NULL,NULL,NULL,NULL,NULL,NULL,NULL,NULL,NULL,NULL,NULL,NULL,NULL,NULL,NULL,NULL,NULL,NULL,NULL,NULL,NULL,NULL,NULL,NULL,NULL,"yes",NULL
"47c94bfa-e014-409b-b23b-2e62260b2673","0101000020910B0000C35125640E902341CEB58B34A17A5341",NULL,"stream_crossing",NULL,NULL,NULL,NULL,2,"[""01fb000""]","msa","Driveway",NULL,"MODELLED","ROAD",NULL,NULL,NULL,NULL,NULL,NULL,"0.17310310653161148","0.46009752343506544","0.04691303832957965","0.11866164255544313","259572",1,NULL,"0.173103106531611","0.0469130383295797","0.17310310653161100000","0.04691303832957970000","110","97","93","0",0,NULL,NULL,NULL,NULL,NULL,NULL,NULL,NULL,NULL,NULL,NULL,NULL,NULL,NULL,NULL,NULL,NULL,NULL,NULL,NULL,NULL,NULL,NULL,NULL,NULL,NULL,NULL,"no",NULL
"554d9d45-5db8-45c9-a7f0-34839a04aa3f","0101000020910B00000B35AF42FDC9234145DFD5487E915341",NULL,"stream_crossing",NULL,NULL,NULL,"Mill Brook",2,"[""01fb000""]","msa","Doyles Rd",NULL,"MODELLED","ROAD",NULL,NULL,NULL,NULL,NULL,NULL,"0.02376294676079583","0.02376294676079583","0.01782221007059687","0.01782221007059687","511434",1,"{511432,511433}","0.0237629467607958","0.0178222100705969","0.02376294676079580000","0.01782221007059690000","250","181","210","0",3,NULL,NULL,NULL,NULL,NULL,NULL,NULL,NULL,NULL,NULL,NULL,NULL,NULL,NULL,NULL,NULL,NULL,NULL,NULL,NULL,NULL,NULL,NULL,NULL,NULL,NULL,NULL,"no",NULL
"e04984a0-1154-4d5b-9cd1-6f2eadb22d0f","0101000020910B00004FD18E706D962341487C2CD1E8885341",NULL,"stream_crossing",NULL,NULL,NULL,"MacDonalds Glen Brook",2,"[""01fb000""]","msa","MacDonald Glen Rd",NULL,"MODELLED","ROAD",NULL,NULL,NULL,NULL,NULL,NULL,"0.016972616049462562","0.016972616049462562","0.012729462037096923","0.012729462037096923","267283",1,"{267282}","0.0169726160494626","0.0127294620370969","0.01697261604946260000","0.01272946203709690000","207","189","200","0",1,NULL,NULL,NULL,NULL,NULL,NULL,NULL,NULL,NULL,NULL,NULL,NULL,NULL,NULL,NULL,NULL,NULL,NULL,NULL,NULL,NULL,NULL,NULL,NULL,NULL,NULL,NULL,"no",NULL
"9b06ab89-a1d7-40b5-8a10-ae00296241cf","0101000020910B00008CCE0848257A23413E65CADBEB855341",NULL,"stream_crossing",NULL,NULL,NULL,"Dunbar Brook",1,"[""01fb000""]","msa",NULL,NULL,"MODELLED","ROAD",NULL,NULL,NULL,NULL,NULL,NULL,"0.00415055038594835","0.00415055038594835","0.0010376375964870875","0.0010376375964870875","246723",4,"{246722}","0.00415055038594835","0.00103763759648709","0.00103763759648708750","0.00025940939912177250","213","208","208","0",4,NULL,NULL,NULL,NULL,NULL,NULL,NULL,NULL,NULL,NULL,NULL,NULL,NULL,NULL,NULL,NULL,NULL,NULL,NULL,NULL,NULL,NULL,NULL,NULL,NULL,NULL,NULL,"no",NULL
"8aad4bae-108d-43f0-a8ab-cbe353c5a44e","0101000020910B00001FEB4F40C2D823410DB2030AF4A05341",NULL,"stream_crossing",NULL,NULL,NULL,NULL,2,"[""01fb000""]","msa","Track",NULL,"MODELLED","ROAD",NULL,NULL,NULL,NULL,NULL,NULL,"0.41086615636784274","0.41086615636784274","0.3081496172758821","0.3081496172758821","524282",2,NULL,"0.410866156367843","0.308149617275882","0.20543307818392150000","0.15407480863794100000","61","45","47","0",1,NULL,NULL,NULL,NULL,NULL,NULL,NULL,NULL,NULL,NULL,NULL,NULL,NULL,NULL,NULL,NULL,NULL,NULL,NULL,NULL,NULL,NULL,NULL,NULL,NULL,NULL,NULL,"no",NULL
"13078e1e-e737-47d2-ae3d-f56b39be5927","0101000020910B00006D0A8FD5B02824413F4E928AA3A45341",NULL,"stream_crossing",NULL,NULL,NULL,NULL,1,"[""01fb000""]","msa","Track",NULL,"MODELLED","ROAD",NULL,NULL,NULL,NULL,NULL,NULL,"0.47145229495993657","0.47145229495993657","0.11786307373998414","0.11786307373998414","190182",1,"{92522}","0.471452294959937","0.117863073739984","0.47145229495993700000","0.11786307373998400000","174","99","129","0",1,NULL,NULL,NULL,NULL,NULL,NULL,NULL,NULL,NULL,NULL,NULL,NULL,NULL,NULL,NULL,NULL,NULL,NULL,NULL,NULL,NULL,NULL,NULL,NULL,NULL,NULL,NULL,"no",NULL
"3429e7ed-4e00-4b9e-8c39-98b581ec54bd","0101000020910B00001F6E8FE7B1F32341033084324F965341",NULL,"stream_crossing",NULL,NULL,NULL,NULL,1,"[""01fb000""]","msa","Track",NULL,"MODELLED","ROAD",NULL,NULL,NULL,NULL,NULL,NULL,"0.6530765290731491","0.6530765290731491","0.16326913226828726","0.16326913226828726","195322",3,NULL,"1.18948140273568","0.29737035068392","0.39649380091189333333","0.09912345022797333333","77","47","54","0",2,NULL,NULL,NULL,NULL,NULL,NULL,NULL,NULL,NULL,NULL,NULL,NULL,NULL,NULL,NULL,NULL,NULL,NULL,NULL,NULL,NULL,NULL,NULL,NULL,NULL,NULL,NULL,"no",NULL
"935ac8f0-a28e-4fef-a054-508bae769324","0101000020910B0000908AFB5A6EFF2341383B4B3ECC9A5341",NULL,"stream_crossing",NULL,NULL,NULL,NULL,2,"[""01fb000""]","msa","Timmons Rd",NULL,"MODELLED","ROAD",NULL,NULL,NULL,NULL,NULL,NULL,"0.5276373668289072","0.6344202873277158","0.1740924542855465","0.2007881844102487","282702",2,NULL,"0.661960342127226","0.274834685759285","0.33098017106361300000","0.13741734287964250000","64","46","49","0",1,NULL,NULL,NULL,NULL,NULL,NULL,NULL,NULL,NULL,NULL,NULL,NULL,NULL,NULL,NULL,NULL,NULL,NULL,NULL,NULL,NULL,NULL,NULL,NULL,NULL,NULL,NULL,"no",NULL
"090064f1-7b16-4aa0-b030-2d65dd1d3a49","0101000020910B0000D19B7F835CA82341C86D208FA78B5341",NULL,"stream_crossing",NULL,NULL,NULL,"Johnsons Brook",3,"[""01fb000""]","msa","Highway 395",NULL,"MODELLED","ROAD",NULL,NULL,NULL,NULL,NULL,NULL,"0.0767772765297237","0.18035686350498914","0.06066776293957766","0.08656265968339402","334102",1,NULL,"0.0767772765297237","0.0606677629395777","0.07677727652972370000","0.06066776293957770000","100","119","104","0",0,NULL,NULL,NULL,NULL,NULL,NULL,NULL,NULL,NULL,NULL,NULL,NULL,NULL,NULL,NULL,NULL,NULL,NULL,NULL,NULL,NULL,NULL,NULL,NULL,NULL,NULL,NULL,"no",NULL
"2679d2b7-db46-41c8-9e10-609e13bd39f3","0101000020910B000061E797FC0C952341E407B48814845341",NULL,"stream_crossing",NULL,NULL,NULL,NULL,1,"[""01fb000""]","msa",NULL,NULL,"MODELLED","ROAD",NULL,NULL,NULL,NULL,NULL,NULL,"0.24387026651764956","0.24387026651764956","0.06096756662941239","0.06096756662941239","223592",1,NULL,"0.24387026651765","0.0609675666294124","0.24387026651765000000","0.06096756662941240000","98","135","111","0",0,NULL,NULL,NULL,NULL,NULL,NULL,NULL,NULL,NULL,NULL,NULL,NULL,NULL,NULL,NULL,NULL,NULL,NULL,NULL,NULL,NULL,NULL,NULL,NULL,NULL,NULL,NULL,"no",NULL
"a1de235a-27e2-4183-85a7-f77d60b2d50b","0101000020910B0000AB9A597425712441E039CB7983B25341",NULL,"stream_crossing",NULL,NULL,NULL,NULL,1,"[""01fb000""]","msa","Track",NULL,"MODELLED","ROAD",NULL,NULL,NULL,NULL,NULL,NULL,"0.005622335858782955","0.005622335858782955","0.0014055839646957388","0.0014055839646957388","403492",1,NULL,"0.00562233585878296","0.00140558396469574","0.00562233585878296000","0.00140558396469574000","153","206","187","0",0,NULL,NULL,NULL,NULL,NULL,NULL,NULL,NULL,NULL,NULL,NULL,NULL,NULL,NULL,NULL,NULL,NULL,NULL,NULL,NULL,NULL,NULL,NULL,NULL,NULL,NULL,NULL,"no",NULL
"79c8af5e-4f69-4055-8bae-78172c549078","0101000020910B0000EB63E2DC5DA023414860DA7854915341",NULL,"stream_crossing",NULL,NULL,NULL,"Jackie MacDonalds Brook",1,"[""01fb000""]","msa","Coady Rd",NULL,"MODELLED","ROAD",NULL,NULL,NULL,NULL,NULL,NULL,"0.06938446073501131","0.06938446073501131","0.017346115183752828","0.017346115183752828","336672",1,NULL,"0.0693844607350113","0.0173461151837528","0.06938446073501130000","0.01734611518375280000","134","183","158","0",0,NULL,NULL,NULL,NULL,NULL,NULL,NULL,NULL,NULL,NULL,NULL,NULL,NULL,NULL,NULL,NULL,NULL,NULL,NULL,NULL,NULL,NULL,NULL,NULL,NULL,NULL,NULL,"no",NULL
"6bad9d04-d352-488d-91bc-3fb8b467a07c","0101000020910B00007FF4361D2C2B234131CE3519547E5341",NULL,"stream_crossing",NULL,NULL,NULL,NULL,2,"[""01fb000""]","msa","Track",NULL,"MODELLED","ROAD",NULL,NULL,NULL,NULL,NULL,NULL,"0.2773959215642406","0.2773959215642406","0.19484611193060622","0.19484611193060622","508863",1,"{508862}","0.277395921564241","0.194846111930606","0.27739592156424100000","0.19484611193060600000","166","65","110","0",1,NULL,NULL,NULL,NULL,NULL,NULL,NULL,NULL,NULL,NULL,NULL,NULL,NULL,NULL,NULL,NULL,NULL,NULL,NULL,NULL,NULL,NULL,NULL,NULL,NULL,NULL,NULL,"no",NULL
"1cb2dd89-6b94-4eef-82e5-feee3f3faf26","0101000020910B000097DF56909CAD2341987650AFA6805341",NULL,"stream_crossing",NULL,NULL,NULL,"Ranalds Brook",2,"[""01fb000""]","msa","Glenmore Rd",NULL,"MODELLED","ROAD",NULL,NULL,NULL,NULL,NULL,NULL,"0.03922534387930519","0.03922534387930519","0.02941900790947889","0.02941900790947889","367512",1,NULL,"0.0392253438793052","0.0294190079094789","0.03922534387930520000","0.02941900790947890000","123","165","138","0",0,NULL,NULL,NULL,NULL,NULL,NULL,NULL,NULL,NULL,NULL,NULL,NULL,NULL,NULL,NULL,NULL,NULL,NULL,NULL,NULL,NULL,NULL,NULL,NULL,NULL,NULL,NULL,"no",NULL
"064930b2-6570-4da7-88b0-f04eeccf3efe","0101000020910B0000CB0527E8CE362441A02ABEB5CEAB5341",NULL,"stream_crossing",NULL,NULL,NULL,NULL,2,"[""01fb000""]","msa",NULL,NULL,"MODELLED","ROAD",NULL,NULL,NULL,NULL,NULL,NULL,"0.08443318092814432","0.08443318092814432","0.02110829523203608","0.02110829523203608","323822",1,NULL,"0.0844331809281443","0.0211082952320361","0.08443318092814430000","0.02110829523203610000","130","175","148","0",0,NULL,NULL,NULL,NULL,NULL,NULL,NULL,NULL,NULL,NULL,NULL,NULL,NULL,NULL,NULL,NULL,NULL,NULL,NULL,NULL,NULL,NULL,NULL,NULL,NULL,NULL,NULL,"no",NULL
"d8466353-bbc3-40f4-9736-79d04a2a2fba","0101000020910B000044EF004124DA23417ADBA36F17805341",NULL,"stream_crossing",NULL,NULL,NULL,NULL,1,"[""01fb000""]","msa",NULL,NULL,"MODELLED","ROAD",NULL,NULL,NULL,NULL,NULL,NULL,"0.08712623673067274","0.08712623673067274","0.021781559182668185","0.021781559182668185","316112",1,NULL,"0.0871262367306727","0.0217815591826682","0.08712623673067270000","0.02178155918266820000","128","173","145","0",0,NULL,NULL,NULL,NULL,NULL,NULL,NULL,NULL,NULL,NULL,NULL,NULL,NULL,NULL,NULL,NULL,NULL,NULL,NULL,NULL,NULL,NULL,NULL,NULL,NULL,NULL,NULL,"no",NULL
"538dac3f-1a0b-4ff0-bacd-b0a7bb6d0f35","0101000020910B000021C9A47EF8A6234159D6AB7BF48E5341",NULL,"stream_crossing",NULL,NULL,NULL,NULL,1,"[""01fb000""]","msa",NULL,NULL,"MODELLED","ROAD",NULL,NULL,NULL,NULL,NULL,NULL,"0.07926689274389816","0.07926689274389816","0.01981672318597454","0.01981672318597454","328962",1,NULL,"0.0792668927438982","0.0198167231859745","0.07926689274389820000","0.01981672318597450000","131","177","151","0",0,NULL,NULL,NULL,NULL,NULL,NULL,NULL,NULL,NULL,NULL,NULL,NULL,NULL,NULL,NULL,NULL,NULL,NULL,NULL,NULL,NULL,NULL,NULL,NULL,NULL,NULL,NULL,"no",NULL
"b2230c76-80ba-4899-9be8-ffc33a3f0d9d","0101000020910B00009661AE9EE32224416666660600A15341",NULL,"stream_crossing",NULL,NULL,NULL,NULL,2,"[""01fb000""]","msa","East Big Intervale Rd",NULL,"MODELLED","ROAD",NULL,NULL,NULL,NULL,NULL,NULL,"0.008465781854650281","0.008465781854650281","0.0021164454636625704","0.0021164454636625704","398352",1,NULL,"0.00846578185465028","0.00211644546366257","0.00846578185465028000","0.00211644546366257000","151","204","182","0",0,NULL,NULL,NULL,NULL,NULL,NULL,NULL,NULL,NULL,NULL,NULL,NULL,NULL,NULL,NULL,NULL,NULL,NULL,NULL,NULL,NULL,NULL,NULL,NULL,NULL,NULL,NULL,"no",NULL
"2000ae48-659a-46df-86f7-cddb3cee5df2","0101000020910B0000587199FA03F02341B685E6EF0E935341",NULL,"stream_crossing",NULL,NULL,NULL,NULL,1,"[""01fb000""]","msa",NULL,NULL,"MODELLED","ROAD",NULL,NULL,NULL,NULL,NULL,NULL,"0.6345842200655901","0.6345842200655901","0.15864605501639753","0.15864605501639753","110512",1,NULL,"0.63458422006559","0.158646055016398","0.63458422006559000000","0.15864605501639800000","58","78","61","0",0,NULL,NULL,NULL,NULL,NULL,NULL,NULL,NULL,NULL,NULL,NULL,NULL,NULL,NULL,NULL,NULL,NULL,NULL,NULL,NULL,NULL,NULL,NULL,NULL,NULL,NULL,NULL,"no",NULL
"bafd8f3b-1f40-42e5-a2fc-304aa501c08d","0101000020910B0000A251DAAF45E423416EC30AF8B3915341",NULL,"stream_crossing",NULL,NULL,NULL,NULL,1,"[""01fb000""]","msa","Mount Pleasant Big Brook Rd",NULL,"MODELLED","ROAD",NULL,NULL,NULL,NULL,NULL,NULL,"0.2716174740820898","0.2716174740820898","0.06790436852052245","0.06790436852052245","208172",1,NULL,"0.27161747408209","0.0679043685205225","0.27161747408209000000","0.06790436852052250000","92","130","106","0",0,NULL,NULL,NULL,NULL,NULL,NULL,NULL,NULL,NULL,NULL,NULL,NULL,NULL,NULL,NULL,NULL,NULL,NULL,NULL,NULL,NULL,NULL,NULL,NULL,NULL,NULL,NULL,"no",NULL
"52fccd46-ac23-454a-81b6-af1c5e7af809","0101000020910B0000628DAE0CE6C02341C42F7A42BC715341",NULL,"stream_crossing",NULL,NULL,NULL,"MacSweens Brook",1,"[""01fb000""]","msa",NULL,NULL,"MODELLED","ROAD",NULL,NULL,NULL,NULL,NULL,NULL,"0.18826783811051032","0.18826783811051032","0.04706695952762758","0.04706695952762758","46263",1,"{46262}","0.18826783811051","0.0470669595276276","0.18826783811051000000","0.04706695952762760000","193","144","173","0",1,NULL,NULL,NULL,NULL,NULL,NULL,NULL,NULL,NULL,NULL,NULL,NULL,NULL,NULL,NULL,NULL,NULL,NULL,NULL,NULL,NULL,NULL,NULL,NULL,NULL,NULL,NULL,"no",NULL
"e0e86d5c-e952-4884-adc0-098f23099188","0101000020910B0000D3A85CCABD182441A98D9969639B5341",NULL,"stream_crossing",NULL,NULL,NULL,NULL,1,"[""01fb000""]","msa","Track",NULL,"MODELLED","ROAD",NULL,NULL,NULL,NULL,NULL,NULL,"0.1384313963351137","0.5574693390500843","0.034607849083778425","0.13936733476252108","501152",2,"{12852,12853}","0.557469339050084","0.139367334762521","0.27873466952504200000","0.06968366738126050000","230","85","156","0",2,NULL,NULL,NULL,NULL,NULL,NULL,NULL,NULL,NULL,NULL,NULL,NULL,NULL,NULL,NULL,NULL,NULL,NULL,NULL,NULL,NULL,NULL,NULL,NULL,NULL,NULL,NULL,"no",NULL
"608f635c-f4fb-48a9-bfc7-072d032a503c","0101000020910B0000033C86EB3DA823416FC4152B467C5341",NULL,"stream_crossing",NULL,NULL,NULL,"Johnson Brook",2,"[""01fb000""]","msa","Highway 395",NULL,"MODELLED","ROAD",NULL,NULL,NULL,NULL,NULL,NULL,"0.00484830898370585","0.00484830898370585","0.0012120772459264626","0.0012120772459264626","406062",1,NULL,"0.00484830898370585","0.00121207724592646","0.00484830898370585000","0.00121207724592646000","155","207","190","0",0,NULL,NULL,NULL,NULL,NULL,NULL,NULL,NULL,NULL,NULL,NULL,NULL,NULL,NULL,NULL,NULL,NULL,NULL,NULL,NULL,NULL,NULL,NULL,NULL,NULL,NULL,NULL,"no",NULL
"c68b2c19-799e-4ca1-893c-1e5e6a88edcb","0101000020910B000010AB40B80BB22341CC512F513E925341",NULL,"stream_crossing",NULL,NULL,NULL,"William Donalds Brook",1,"[""01fb000""]","msa",NULL,NULL,"MODELLED","ROAD",NULL,NULL,NULL,NULL,NULL,NULL,"0.6451228248364531","0.7146025551401004","0.16128070620911328","0.1786506387850251","490873",1,"{490872}","0.645122824836453","0.161280706209113","0.64512282483645300000","0.16128070620911300000","253","70","162","0",4,NULL,NULL,NULL,NULL,NULL,NULL,NULL,NULL,NULL,NULL,NULL,NULL,NULL,NULL,NULL,NULL,NULL,NULL,NULL,NULL,NULL,NULL,NULL,NULL,NULL,NULL,NULL,"no",NULL
"f78d0dff-8176-4c7a-a493-8425d1e565d2","0101000020910B000070B7EADF069A2341403D5F1678795341",NULL,"stream_crossing",NULL,NULL,NULL,NULL,1,"[""01fb000""]","msa","West Lake Ainslie Rd",NULL,"MODELLED","ROAD",NULL,NULL,NULL,NULL,NULL,NULL,"0","0.1836740384277223","0","0.04591850960693058","498582",2,NULL,"0.183674038427722","0.0459185096069306","0.09183701921386100000","0.02295925480346530000","127","147","131","0",0,NULL,NULL,NULL,NULL,NULL,NULL,NULL,NULL,NULL,NULL,NULL,NULL,NULL,NULL,NULL,NULL,NULL,NULL,NULL,NULL,NULL,NULL,NULL,NULL,NULL,NULL,NULL,"no",NULL
"cdb414c4-15bc-43ad-aa5c-b636c2c58719","0101000020910B0000D9E9B8C799E22341E45E05B3C29F5341",NULL,"stream_crossing",NULL,NULL,NULL,"East Branch Gallant River",3,"[""01fb000""]","msa","Track",NULL,"MODELLED","ROAD",NULL,NULL,NULL,NULL,NULL,NULL,"0.43845881149366245","0.43845881149366245","0.3288441086202468","0.3288441086202468","372652",2,NULL,"0.476338786855201","0.366724083981785","0.23816939342760050000","0.18336204199089250000","53","37","40","0",1,NULL,NULL,NULL,NULL,NULL,NULL,NULL,NULL,NULL,NULL,NULL,NULL,NULL,NULL,NULL,NULL,NULL,NULL,NULL,NULL,NULL,NULL,NULL,NULL,NULL,NULL,NULL,"no",NULL
"2f8712a0-619e-4bed-9ef9-6e59f3c342ad","0101000020910B000082858F04E7522341436650F4CE845341",NULL,"stream_crossing",NULL,NULL,NULL,NULL,1,"[""01fb000""]","msa","Driveway",NULL,"MODELLED","ROAD",NULL,NULL,NULL,NULL,NULL,NULL,"0.5213733686991194","0.5213733686991194","0.13034334217477986","0.13034334217477986","467742",2,"{74532}","0.791809193496631","0.197952298374158","0.39590459674831550000","0.09897614918707900000","179","64","117","0",2,NULL,NULL,NULL,NULL,NULL,NULL,NULL,NULL,NULL,NULL,NULL,NULL,NULL,NULL,NULL,NULL,NULL,NULL,NULL,NULL,NULL,NULL,NULL,NULL,NULL,NULL,NULL,"no",NULL
"4e86ec28-2bf3-4fee-bbd1-f6907d3c9df8","0101000020910B00008BCAF056C6FC2341F9BAB0B2B0975341",NULL,"stream_crossing",NULL,NULL,NULL,NULL,1,"[""01fb000""]","msa","West Big Intervale Rd",NULL,"MODELLED","ROAD",NULL,NULL,NULL,NULL,NULL,NULL,"0.8743321579838834","0.8743321579838834","0.21858303949597085","0.21858303949597085","77102",1,NULL,"0.874332157983883","0.218583039495971","0.87433215798388300000","0.21858303949597100000","43","56","43","0",0,NULL,NULL,NULL,NULL,NULL,NULL,NULL,NULL,NULL,NULL,NULL,NULL,NULL,NULL,NULL,NULL,NULL,NULL,NULL,NULL,NULL,NULL,NULL,NULL,NULL,NULL,NULL,"no",NULL
"a43285c5-6812-46be-84e0-109627595063","0101000020910B000041B8D60DC705244141B4B5C5D49B5341",NULL,"stream_crossing",NULL,NULL,NULL,"Coady Brook",3,"[""01fb000""]","msa","West Big Intervale Rd",NULL,"MODELLED","ROAD",NULL,NULL,NULL,NULL,NULL,NULL,"0.28567547468874027","0.28567547468874027","0.28567547468874027","0.28567547468874027","200462",1,NULL,"0.28567547468874","0.28567547468874","0.28567547468874000000","0.28567547468874000000","37","49","38","0",0,NULL,NULL,NULL,NULL,NULL,NULL,NULL,NULL,NULL,NULL,NULL,NULL,NULL,NULL,NULL,NULL,NULL,NULL,NULL,NULL,NULL,NULL,NULL,NULL,NULL,NULL,NULL,"no",NULL
"83e2b561-c513-44e1-91ca-1577480aa401","0101000020910B000057CEE5BE5CBA234121A85F746F965341",NULL,"stream_crossing",NULL,NULL,NULL,"Basiles Brook",2,"[""01fb000""]","msa","Track",NULL,"MODELLED","ROAD",NULL,NULL,NULL,NULL,NULL,NULL,"0.2565102094960449","0.47960014451461347","0.19238265712203367","0.3304987029547085","136213",1,"{136212}","0.256510209496045","0.192382657122034","0.25651020949604500000","0.19238265712203400000","167","41","94","0",1,NULL,NULL,NULL,NULL,NULL,NULL,NULL,NULL,NULL,NULL,NULL,NULL,NULL,NULL,NULL,NULL,NULL,NULL,NULL,NULL,NULL,NULL,NULL,NULL,NULL,NULL,NULL,"no",NULL
"cfd04c67-481b-4d4a-9fae-f0fcd81b993e","0101000020910B0000247483F0DAC423413DDCFCB053945341",NULL,"stream_crossing",NULL,NULL,NULL,NULL,1,"[""01fb000""]","msa","East Margaree Rd",NULL,"MODELLED","ROAD",NULL,NULL,NULL,NULL,NULL,NULL,"0.13483474397647977","0.2583352757117412","0.03370868599411994","0.0645838189279353","555124",2,"{555122,555123}","0.260132666960218","0.0650331667400545","0.13006633348010900000","0.03251658337002725000","248","111","188","0",4,NULL,NULL,NULL,NULL,NULL,NULL,NULL,NULL,NULL,NULL,NULL,NULL,NULL,NULL,NULL,NULL,NULL,NULL,NULL,NULL,NULL,NULL,NULL,NULL,NULL,NULL,NULL,"no",NULL
"eb691caf-49f0-42c4-a671-6f925a696810","0101000020910B0000BE493EB536C22341C0837CAE7E7D5341",NULL,"stream_crossing",NULL,NULL,NULL,NULL,1,"[""01fb000""]","msa","Track",NULL,"MODELLED","ROAD",NULL,NULL,NULL,NULL,NULL,NULL,"0.36999139240326684","0.36999139240326684","0.09249784810081671","0.09249784810081671","172192",1,NULL,"0.369991392403267","0.0924978481008167","0.36999139240326700000","0.09249784810081670000","78","113","82","0",0,NULL,NULL,NULL,NULL,NULL,NULL,NULL,NULL,NULL,NULL,NULL,NULL,NULL,NULL,NULL,NULL,NULL,NULL,NULL,NULL,NULL,NULL,NULL,NULL,NULL,NULL,NULL,"no",NULL
"46c7f69f-85db-438b-8ac6-8be4adad7adb","0101000020910B00008CFA9A4D787B2341C133AC6185835341",NULL,"stream_crossing",NULL,NULL,NULL,"Hugh MacQuarries Brook",2,"[""01fb000""]","msa","Strathlorne-Scotsville Rd",NULL,"MODELLED","ROAD",NULL,NULL,NULL,NULL,NULL,NULL,"0.26600944712811314","0.26600944712811314","0.19950708534608486","0.19950708534608486","539702",2,NULL,"0.266009447128113","0.199507085346085","0.13300472356405650000","0.09975354267304250000","74","61","60","0",1,NULL,NULL,NULL,NULL,NULL,NULL,NULL,NULL,NULL,NULL,NULL,NULL,NULL,NULL,NULL,NULL,NULL,NULL,NULL,NULL,NULL,NULL,NULL,NULL,NULL,NULL,NULL,"no",NULL
"973a4f24-daa4-4df1-905f-1a604de9af87","0101000020910B0000810B6AADE70F24417041AD15C48C5341",NULL,"stream_crossing",NULL,NULL,NULL,NULL,2,"[""01fb000""]","msa","Cabot Trail",NULL,"MODELLED","ROAD",NULL,NULL,NULL,NULL,NULL,NULL,"0.08505482725532487","0.08505482725532487","0.06379112044149364","0.06379112044149364","321252",1,NULL,"0.0850548272553249","0.0637911204414936","0.08505482725532490000","0.06379112044149360000","95","132","108","0",0,NULL,NULL,NULL,NULL,NULL,NULL,NULL,NULL,NULL,NULL,NULL,NULL,NULL,NULL,NULL,NULL,NULL,NULL,NULL,NULL,NULL,NULL,NULL,NULL,NULL,NULL,NULL,"no",NULL
"4e2f2705-6e31-4e15-bb24-96bafa88812c","0101000020910B0000F1AFAB5F83322441D036F1E53AAE5341",NULL,"stream_crossing",NULL,NULL,NULL,NULL,2,"[""01fb000""]","msa",NULL,NULL,"MODELLED","ROAD",NULL,NULL,NULL,NULL,NULL,NULL,"1.9202679637995943","1.9202679637995943","0.9120495092483718","0.9120495092483718","43692",1,NULL,"1.92026796379959","0.912049509248372","1.92026796379959000000","0.91204950924837200000","7","13","8","0",0,"Jim Campbells Brook at Unnamed Road",NULL,NULL,NULL,NULL,NULL,NULL,NULL,NULL,NULL,NULL,NULL,NULL,NULL,NULL,NULL,NULL,NULL,NULL,NULL,NULL,NULL,NULL,NULL,NULL,NULL,NULL,"yes",NULL
"ff4f5efb-208e-496b-a1ea-9b94d33e98c7","0101000020910B00005B83D7690964244192254D34A6A05341",NULL,"stream_crossing",NULL,NULL,NULL,NULL,2,"[""01fb000""]","msa",NULL,NULL,"MODELLED","ROAD",NULL,NULL,NULL,NULL,NULL,NULL,"0","0.03604770938201918","0","0.009011927345504794","439472",1,NULL,"0","0","0.00000000000000000000","0.00000000000000000000","159","198","186","0",0,NULL,NULL,NULL,NULL,NULL,NULL,NULL,NULL,NULL,NULL,NULL,NULL,NULL,NULL,NULL,NULL,NULL,NULL,NULL,NULL,NULL,NULL,NULL,NULL,NULL,NULL,NULL,"no",NULL
"18c7f928-9856-4e03-b132-e82d23bf0305","0101000020910B00009A94B8DB0AB823419EFDE8AF46755341",NULL,"stream_crossing",NULL,NULL,NULL,NULL,1,"[""01fb000""]","msa","Highway 395",NULL,"MODELLED","ROAD",NULL,NULL,NULL,NULL,NULL,NULL,"0.06488793327221519","0.06488793327221519","0.016221983318053797","0.016221983318053797","339242",1,NULL,"0.0648879332722152","0.0162219833180538","0.06488793327221520000","0.01622198331805380000","135","184","159","0",0,NULL,NULL,NULL,NULL,NULL,NULL,NULL,NULL,NULL,NULL,NULL,NULL,NULL,NULL,NULL,NULL,NULL,NULL,NULL,NULL,NULL,NULL,NULL,NULL,NULL,NULL,NULL,"no",NULL
"38d45f89-4fa2-413b-9f12-1479ccee769c","0101000020910B0000C3989228A62524411EB22C8CCCA25341",NULL,"stream_crossing",NULL,NULL,NULL,NULL,1,"[""01fb000""]","msa","East Big Intervale Rd",NULL,"MODELLED","ROAD",NULL,NULL,NULL,NULL,NULL,NULL,"0.2912815582568802","0.2912815582568802","0.07282038956422004","0.07282038956422004","197892",1,NULL,"0.29128155825688","0.07282038956422","0.29128155825688000000","0.07282038956422000000","89","125","100","0",0,NULL,NULL,NULL,NULL,NULL,NULL,NULL,NULL,NULL,NULL,NULL,NULL,NULL,NULL,NULL,NULL,NULL,NULL,NULL,NULL,NULL,NULL,NULL,NULL,NULL,NULL,NULL,"no",NULL
"cc9bdd7f-cf58-47b2-bc64-a8f3062d09e2","0101000020910B00005F65B0E80CB623417348E14AD4935341",NULL,"stream_crossing",NULL,NULL,NULL,"William Donalds Brook",2,"[""01fb000""]","msa","Track",NULL,"MODELLED","ROAD",NULL,NULL,NULL,NULL,NULL,NULL,"0.34399603203113177","3.3781746520893248","0.25799702402334884","1.637197190347717","490872",4,NULL,"3.02614923278484","1.82710636848807","0.75653730819621000000","0.45677659212201750000","23","7","16","0",1,"William Donalds Brook off HW 19 - 2",NULL,NULL,NULL,NULL,NULL,NULL,NULL,NULL,NULL,NULL,NULL,NULL,NULL,NULL,NULL,NULL,NULL,NULL,NULL,NULL,NULL,NULL,NULL,NULL,NULL,NULL,"yes",NULL
"636e5616-7194-4bf5-9f21-cc44e611e185","0101000020910B0000032E95E2B63823413A5131B3B97E5341",NULL,"stream_crossing",NULL,NULL,NULL,NULL,2,"[""01fb000""]","msa","Track",NULL,"MODELLED","ROAD",NULL,NULL,NULL,NULL,NULL,NULL,"0.5680435583329883","0.5680435583329883","0.20998413001463495","0.20998413001463495","125932",1,NULL,"0.568043558332988","0.209984130014635","0.56804355833298800000","0.20998413001463500000","46","60","46","0",0,NULL,NULL,NULL,NULL,NULL,NULL,NULL,NULL,NULL,NULL,NULL,NULL,NULL,NULL,NULL,NULL,NULL,NULL,NULL,NULL,NULL,NULL,NULL,NULL,NULL,NULL,NULL,"no",NULL
"f100eb2d-cfcb-48e7-8789-af73687631e6","0101000020910B0000B9E8F2A8F28323413CC6C332117C5341",NULL,"stream_crossing",NULL,NULL,NULL,NULL,1,"[""01fb000""]","msa","Driveway",NULL,"MODELLED","ROAD",NULL,NULL,NULL,NULL,NULL,NULL,"0.8183980436571121","1.4580678312832205","0.20459951091427803","0.3645169578208051","452322",1,NULL,"0.818398043657112","0.204599510914278","0.81839804365711200000","0.20459951091427800000","47","38","37","0",0,NULL,NULL,NULL,NULL,NULL,NULL,NULL,NULL,NULL,NULL,NULL,NULL,NULL,NULL,NULL,NULL,NULL,NULL,NULL,NULL,NULL,NULL,NULL,NULL,NULL,NULL,NULL,"no",NULL
"a9b48fc2-e31e-4405-8ef4-c7fa08d363d5","0101000020910B0000AEABCC4D65532341EAB80F918E845341",NULL,"stream_crossing",NULL,NULL,NULL,NULL,1,"[""01fb000""]","msa","Inverness Shean Trail-Kenloch-Inverness",NULL,"MODELLED","ROAD",NULL,NULL,NULL,NULL,NULL,NULL,"0.27043582479751127","0.7918091934966307","0.06760895619937782","0.19795229837415768","467742",2,"{74532}","0.791809193496631","0.197952298374158","0.39590459674831550000","0.09897614918707900000","179","64","117","0",1,NULL,NULL,NULL,NULL,NULL,NULL,NULL,NULL,NULL,NULL,NULL,NULL,NULL,NULL,NULL,NULL,NULL,NULL,NULL,NULL,NULL,NULL,NULL,NULL,NULL,NULL,NULL,"no",NULL
"dbcd64f5-ac37-4948-8a26-0cb594fe0aca","0101000020910B00006CFC26C4DAA3234195C82936AE8A5341",NULL,"stream_crossing",NULL,NULL,NULL,NULL,1,"[""01fb000""]","msa","Track",NULL,"MODELLED","ROAD",NULL,NULL,NULL,NULL,NULL,NULL,"0.10357958697526545","0.10357958697526545","0.025894896743816363","0.025894896743816363","421482",1,"{334102,485732}","0.103579586975265","0.0258948967438164","0.10357958697526500000","0.02589489674381640000","249","169","205","0",3,NULL,NULL,NULL,NULL,NULL,NULL,NULL,NULL,NULL,NULL,NULL,NULL,NULL,NULL,NULL,NULL,NULL,NULL,NULL,NULL,NULL,NULL,NULL,NULL,NULL,NULL,NULL,"no",NULL
"98f8c1f5-1cb0-466a-b6cb-1add3b846614","0101000020910B0000CCC1388781012441CB431C653B9B5341",NULL,"stream_crossing",NULL,NULL,NULL,NULL,1,"[""01fb000""]","msa","West Big Intervale Rd",NULL,"MODELLED","ROAD",NULL,NULL,NULL,NULL,NULL,NULL,"0.36064712724865794","0.5245064762340467","0.09016178181216448","0.13112661905851167","20562",1,NULL,"0.360647127248658","0.0901617818121645","0.36064712724865800000","0.09016178181216450000","81","91","77","0",0,NULL,NULL,NULL,NULL,NULL,NULL,NULL,NULL,NULL,NULL,NULL,NULL,NULL,NULL,NULL,NULL,NULL,NULL,NULL,NULL,NULL,NULL,NULL,NULL,NULL,NULL,NULL,"no",NULL
"56f79c08-7515-42fe-b1cf-d196b35ee1f4","0101000020910B0000DD0C0B2FCD6F24411B4D7B1BC7A15341",NULL,"stream_crossing",NULL,NULL,NULL,NULL,3,"[""01fb000""]","msa",NULL,NULL,"MODELLED","ROAD",NULL,NULL,NULL,NULL,NULL,NULL,"0.6244207301634833","1.1861657802890941","0.4807784475260122","0.8010604152969842","113082",1,NULL,"0.624420730163483","0.480778447526012","0.62442073016348300000","0.48077844752601200000","22","16","19","0",0,"First Fork Brook @ Unnamed Road",NULL,NULL,NULL,NULL,NULL,NULL,NULL,NULL,NULL,NULL,NULL,NULL,NULL,NULL,NULL,NULL,NULL,NULL,NULL,NULL,NULL,NULL,NULL,NULL,NULL,NULL,"yes",NULL
"8384c492-b547-4f54-950b-32231589b585","0101000020910B0000C9D4206F794D2441E843B8DB8F9E5341",NULL,"stream_crossing",NULL,NULL,NULL,NULL,1,"[""01fb000""]","msa",NULL,NULL,"MODELLED","ROAD",NULL,NULL,NULL,NULL,NULL,NULL,"0.36015519015655484","0.36015519015655484","0.09003879753913871","0.09003879753913871","187612",1,NULL,"0.360155190156555","0.0900387975391387","0.36015519015655500000","0.09003879753913870000","83","116","89","0",0,NULL,NULL,NULL,NULL,NULL,NULL,NULL,NULL,NULL,NULL,NULL,NULL,NULL,NULL,NULL,NULL,NULL,NULL,NULL,NULL,NULL,NULL,NULL,NULL,NULL,NULL,NULL,"no",NULL
"4f030922-3b99-42bb-bda0-b8303dec4dc5","0101000020910B000040E00C4046A5234113678820B2895341",NULL,"stream_crossing",NULL,NULL,NULL,NULL,2,"[""01fb000""]","msa","Highway 395",NULL,"MODELLED","ROAD",NULL,NULL,NULL,NULL,NULL,NULL,"0.11691186222564477","0.11691186222564477","0.08768389666923358","0.08768389666923358","580822",2,NULL,"0.116911862225645","0.0876838966692336","0.05845593111282250000","0.04384194833461680000","115","118","112","0",1,NULL,NULL,NULL,NULL,NULL,NULL,NULL,NULL,NULL,NULL,NULL,NULL,NULL,NULL,NULL,NULL,NULL,NULL,NULL,NULL,NULL,NULL,NULL,NULL,NULL,NULL,NULL,"no",NULL
"6a97aff5-5848-419d-a0a0-ed0706c2c1a4","0101000020910B000065ED96E1FA38244179AAFF0860AF5341",NULL,"stream_crossing",NULL,NULL,NULL,NULL,1,"[""01fb000""]","msa","Track",NULL,"MODELLED","ROAD",NULL,NULL,NULL,NULL,NULL,NULL,"0.1459750135168214","0.1459750135168214","0.03649375337920535","0.03649375337920535","277562",1,NULL,"0.145975013516821","0.0364937533792054","0.14597501351682100000","0.03649375337920540000","120","158","134","0",0,NULL,NULL,NULL,NULL,NULL,NULL,NULL,NULL,NULL,NULL,NULL,NULL,NULL,NULL,NULL,NULL,NULL,NULL,NULL,NULL,NULL,NULL,NULL,NULL,NULL,NULL,NULL,"no",NULL
"25ee1a2e-30d8-40e8-a026-ab4d5f9d9750","0101000020910B000026749BDF8401244199BF800A939B5341",NULL,"stream_crossing",NULL,NULL,NULL,NULL,1,"[""01fb000""]","msa","Track",NULL,"MODELLED","ROAD",NULL,NULL,NULL,NULL,NULL,NULL,"0.16385934898538865","0.16385934898538865","0.04096483724634716","0.04096483724634716","20563",1,"{20562}","0.163859348985389","0.0409648372463472","0.16385934898538900000","0.04096483724634720000","196","151","177","0",1,NULL,NULL,NULL,NULL,NULL,NULL,NULL,NULL,NULL,NULL,NULL,NULL,NULL,NULL,NULL,NULL,NULL,NULL,NULL,NULL,NULL,NULL,NULL,NULL,NULL,NULL,NULL,"no",NULL
"09e442a9-9c5f-4e38-9aa5-3d6d4c145ff8","0101000020910B0000E97BB98A736923410EEBE7BA69835341",NULL,"stream_crossing",NULL,NULL,NULL,NULL,1,"[""01fb000""]","msa","Track",NULL,"MODELLED","ROAD",NULL,NULL,NULL,NULL,NULL,NULL,"0.396897740600679","0.396897740600679","0.09922443515016975","0.09922443515016975","169622",1,NULL,"0.396897740600679","0.0992244351501698","0.39689774060067900000","0.09922443515016980000","76","109","81","0",0,NULL,NULL,NULL,NULL,NULL,NULL,NULL,NULL,NULL,NULL,NULL,NULL,NULL,NULL,NULL,NULL,NULL,NULL,NULL,NULL,NULL,NULL,NULL,NULL,NULL,NULL,NULL,"no",NULL
"56ab3ad5-afc6-47a6-92d0-622cfc73dff8","0101000020910B0000AB3EFB9433D923418F4544599DA05341",NULL,"stream_crossing",NULL,NULL,NULL,NULL,2,"[""01fb000""]","msa","Old Belle Cote Rd",NULL,"MODELLED","ROAD",NULL,NULL,NULL,NULL,NULL,NULL,"0","0.41086615636784274","0","0.3081496172758821","524282",2,NULL,"0.410866156367843","0.308149617275882","0.20543307818392150000","0.15407480863794100000","61","45","47","0",0,NULL,NULL,NULL,NULL,NULL,NULL,NULL,NULL,NULL,NULL,NULL,NULL,NULL,NULL,NULL,NULL,NULL,NULL,NULL,NULL,NULL,NULL,NULL,NULL,NULL,NULL,NULL,"no",NULL
"b9f8894a-f761-4005-8f2d-38a0fdd55e8c","0101000020910B00008910DAF2C016244199B5B7ED039B5341",NULL,"stream_crossing",NULL,NULL,NULL,"Charlie Brook",3,"[""01fb000""]","msa","Track",NULL,"MODELLED","ROAD",NULL,NULL,NULL,NULL,NULL,NULL,"0.4961546866891963","1.0536240257392808","0.15555170482694183","0.294919039589463","12853",1,"{12852}","0.496154686689196","0.155551704826942","0.49615468668919600000","0.15555170482694200000","171","48","102","0",1,NULL,NULL,NULL,NULL,NULL,NULL,NULL,NULL,NULL,NULL,NULL,NULL,NULL,NULL,NULL,NULL,NULL,NULL,NULL,NULL,NULL,NULL,NULL,NULL,NULL,NULL,NULL,"no",NULL
"6d488b77-1217-4933-a9f7-3062f6f84d08","0101000020910B000002296FD43BC123415A305F241B955341",NULL,"stream_crossing",NULL,NULL,NULL,NULL,1,"[""01fb000""]","msa","Track",NULL,"MODELLED","ROAD",NULL,NULL,NULL,NULL,NULL,NULL,"0.42635600630629183","1.2591950827209608","0.10658900157657296","0.3147987706802402","555123",2,"{555122}","0.875561884025481","0.21889047100637","0.43778094201274050000","0.10944523550318500000","175","43","101","0",1,NULL,NULL,NULL,NULL,NULL,NULL,NULL,NULL,NULL,NULL,NULL,NULL,NULL,NULL,NULL,NULL,NULL,NULL,NULL,NULL,NULL,NULL,NULL,NULL,NULL,NULL,NULL,"no",NULL
"b8b131fb-cf72-4e9f-b33f-5dfab72347e9","0101000020910B0000DE0593971F02244121E2F3B33D9B5341",NULL,"stream_crossing",NULL,NULL,NULL,NULL,1,"[""01fb000""]","msa","Track",NULL,"MODELLED","ROAD",NULL,NULL,NULL,NULL,NULL,NULL,"0.13963689744227767","0.13963689744227767","0.03490922436056942","0.03490922436056942","280132",1,NULL,"0.139636897442278","0.0349092243605694","0.13963689744227800000","0.03490922436056940000","121","161","135","0",0,NULL,NULL,NULL,NULL,NULL,NULL,NULL,NULL,NULL,NULL,NULL,NULL,NULL,NULL,NULL,NULL,NULL,NULL,NULL,NULL,NULL,NULL,NULL,NULL,NULL,NULL,NULL,"no",NULL
"bbe3571d-c60f-4848-bc1b-c1b338a8d8e7","0101000020910B00003FE66F2F064D2441A89EBA3489B15341",NULL,"stream_crossing",NULL,NULL,NULL,NULL,2,"[""01fb000""]","msa","Track",NULL,"MODELLED","ROAD",NULL,NULL,NULL,NULL,NULL,NULL,"1.7962943781060074","1.7962943781060074","0.7967068810123192","0.7967068810123192","51402",1,NULL,"1.79629437810601","0.796706881012319","1.79629437810601000000","0.79670688101231900000","9","17","13","0",0,"North Branch at NE Margaree at Unnamed Track",NULL,NULL,NULL,NULL,NULL,NULL,NULL,NULL,NULL,NULL,NULL,NULL,NULL,NULL,NULL,NULL,NULL,NULL,NULL,NULL,NULL,NULL,NULL,NULL,NULL,NULL,"yes",NULL
"84d579cb-8c5e-4121-8e53-64a8db422ecc","0101000020910B00000C59A53239A02341FEC3828404805341",NULL,"stream_crossing",NULL,NULL,NULL,NULL,2,"[""01fb000""]","msa","Highway 395",NULL,"MODELLED","ROAD",NULL,NULL,NULL,NULL,NULL,NULL,"0.26406275220376046","0.26406275220376046","0.19804706415282033","0.19804706415282033","213312",1,NULL,"0.26406275220376","0.19804706415282","0.26406275220376000000","0.19804706415282000000","49","63","50","0",0,NULL,NULL,NULL,NULL,NULL,NULL,NULL,NULL,NULL,NULL,NULL,NULL,NULL,NULL,NULL,NULL,NULL,NULL,NULL,NULL,NULL,NULL,NULL,NULL,NULL,NULL,NULL,"no",NULL
"c741b734-d801-457f-a411-c014b7865c26","0101000020910B0000EA30740807A12341E9F885F5D47F5341",NULL,"stream_crossing",NULL,NULL,NULL,NULL,1,"[""01fb000""]","msa","Glenmore Rd",NULL,"MODELLED","ROAD",NULL,NULL,NULL,NULL,NULL,NULL,"0.21543524316674045","0.21543524316674045","0.05385881079168511","0.05385881079168511","236442",1,NULL,"0.21543524316674","0.0538588107916851","0.21543524316674000000","0.05385881079168510000","103","136","113","0",0,NULL,NULL,NULL,NULL,NULL,NULL,NULL,NULL,NULL,NULL,NULL,NULL,NULL,NULL,NULL,NULL,NULL,NULL,NULL,NULL,NULL,NULL,NULL,NULL,NULL,NULL,NULL,"no",NULL
"6380b4cf-b239-43a5-885e-a3c810b413fc","0101000020910B00002969D520A8B52341A81FB208AD775341",NULL,"stream_crossing",NULL,NULL,NULL,NULL,1,"[""01fb000""]","msa","Driveway",NULL,"MODELLED","ROAD",NULL,NULL,NULL,NULL,NULL,NULL,"0.19127702770840677","0.19127702770840677","0.04781925692710169","0.04781925692710169","660492",1,"{308402}","0.191277027708407","0.0478192569271017","0.19127702770840700000","0.04781925692710170000","192","142","171","0",1,NULL,NULL,NULL,NULL,NULL,NULL,NULL,NULL,NULL,NULL,NULL,NULL,NULL,NULL,NULL,NULL,NULL,NULL,NULL,NULL,NULL,NULL,NULL,NULL,NULL,NULL,NULL,"no",NULL
"297f121e-9688-4a9a-807c-13a0f41df58b","0101000020910B0000809199CA00B62341EBB0FFCA98775341",NULL,"stream_crossing",NULL,NULL,NULL,NULL,2,"[""01fb000""]","msa","Driveway",NULL,"MODELLED","ROAD",NULL,NULL,NULL,NULL,NULL,NULL,"0.09633730269454083","0.2876143304029476","0.04705326347297961","0.0948725204000813","308402",1,NULL,"0.0963373026945408","0.0470532634729796","0.09633730269454080000","0.04705326347297960000","109","112","105","0",0,NULL,NULL,NULL,NULL,NULL,NULL,NULL,NULL,NULL,NULL,NULL,NULL,NULL,NULL,NULL,NULL,NULL,NULL,NULL,NULL,NULL,NULL,NULL,NULL,NULL,NULL,NULL,"no",NULL
"970340ec-dce2-477d-9ee5-bc313af58de3","0101000020910B00009E1D62FD9BB4234159115D6322935341",NULL,"stream_crossing",NULL,NULL,NULL,NULL,1,"[""01fb000""]","msa","Highway 19",NULL,"MODELLED","ROAD",NULL,NULL,NULL,NULL,NULL,NULL,"0.19325393009733555","0.19325393009733555","0.04831348252433389","0.04831348252433389","637362",1,"{490872}","0.193253930097336","0.0483134825243339","0.19325393009733600000","0.04831348252433390000","247","141","199","0",3,NULL,NULL,NULL,NULL,NULL,NULL,NULL,NULL,NULL,NULL,NULL,NULL,NULL,NULL,NULL,NULL,NULL,NULL,NULL,NULL,NULL,NULL,NULL,NULL,NULL,NULL,NULL,"no",NULL
"bf873fdb-8662-4979-bb94-5695e100b9bf","0101000020910B00000F760FE51E9C2341FF6DC280018E5341",NULL,"stream_crossing",NULL,NULL,NULL,NULL,2,"[""01fb000""]","msa","Highway 395",NULL,"MODELLED","ROAD",NULL,NULL,NULL,NULL,NULL,NULL,"0.23713696577418655","0.23713696577418655","0.17785272433063992","0.17785272433063992","226162",1,NULL,"0.237136965774187","0.17785272433064","0.23713696577418700000","0.17785272433064000000","54","71","55","0",0,NULL,NULL,NULL,NULL,NULL,NULL,NULL,NULL,NULL,NULL,NULL,NULL,NULL,NULL,NULL,NULL,NULL,NULL,NULL,NULL,NULL,NULL,NULL,NULL,NULL,NULL,NULL,"no",NULL
"85aa0c1e-4236-45ef-9399-1762db7c7446","0101000020910B0000935FFD35529923410A7A44B3A9845341",NULL,"stream_crossing",NULL,NULL,NULL,"MacKays Brook",2,"[""01fb000""]","msa","Highway 395",NULL,"MODELLED","ROAD",NULL,NULL,NULL,NULL,NULL,NULL,"0.2441580182287163","0.2441580182287163","0.18311851367153723","0.18311851367153723","629652",2,NULL,"0.244158018228716","0.183118513671537","0.12207900911435800000","0.09155925683576850000","80","69","66","0",1,NULL,NULL,NULL,NULL,NULL,NULL,NULL,NULL,NULL,NULL,NULL,NULL,NULL,NULL,NULL,NULL,NULL,NULL,NULL,NULL,NULL,NULL,NULL,NULL,NULL,NULL,NULL,"no",NULL
"360bc55b-948e-4d10-b389-843ffddd012d","0101000020910B000018A1AD3762202441D3330A0B209D5341",NULL,"stream_crossing",NULL,NULL,NULL,NULL,1,"[""01fb000""]","msa","Track",NULL,"MODELLED","ROAD",NULL,NULL,NULL,NULL,NULL,NULL,"0.17382951886491002","0.17382951886491002","0.043457379716227505","0.043457379716227505","619372",1,"{647642}","0.17382951886491","0.0434573797162275","0.17382951886491000000","0.04345737971622750000","233","149","195","0",2,NULL,NULL,NULL,NULL,NULL,NULL,NULL,NULL,NULL,NULL,NULL,NULL,NULL,NULL,NULL,NULL,NULL,NULL,NULL,NULL,NULL,NULL,NULL,NULL,NULL,NULL,NULL,"no",NULL
"e0ca6381-03b4-4a87-a04c-cc6c2ce0c00c","0101000020910B00008572634795F52341BE457E07EE9B5341",NULL,"stream_crossing",NULL,NULL,NULL,"Deep Brook",1,"[""01fb000""]","msa",NULL,NULL,"MODELLED","ROAD",NULL,NULL,NULL,NULL,NULL,NULL,"0.24588191516604005","0.24588191516604005","0.06147047879151001","0.06147047879151001","2572",4,NULL,"0.24588191516604","0.06147047879151","0.06147047879151000000","0.01536761969787750000","138","133","127","0",3,NULL,NULL,NULL,NULL,NULL,NULL,NULL,NULL,NULL,NULL,NULL,NULL,NULL,NULL,NULL,NULL,NULL,NULL,NULL,NULL,NULL,NULL,NULL,NULL,NULL,NULL,NULL,"no",NULL
"7d40f7a9-a3ad-4d7e-9db2-000ce564d5a1","0101000020910B0000CCA09C7C1E5423417AC5D52145845341",NULL,"stream_crossing",NULL,NULL,NULL,"Kennedys Brook",2,"[""01fb000""]","msa","Strathlorne-Scotsville Rd",NULL,"MODELLED","ROAD",NULL,NULL,NULL,NULL,NULL,NULL,"0.8944022568576782","1.6862114503543086","0.31412465535575496","0.5120769537299126","74532",1,NULL,"0.894402256857678","0.314124655355755","0.89440225685767800000","0.31412465535575500000","35","27","30","0",0,NULL,NULL,NULL,NULL,NULL,NULL,NULL,NULL,NULL,NULL,NULL,NULL,NULL,NULL,NULL,NULL,NULL,NULL,NULL,NULL,NULL,NULL,NULL,NULL,NULL,NULL,NULL,"no",NULL
"b5fbdd88-9948-4903-b4c1-7939b6d465ab","0101000020910B00005C25F48F9BB92341AB84FED136965341",NULL,"stream_crossing",NULL,NULL,NULL,NULL,2,"[""01fb000""]","msa","Track",NULL,"MODELLED","ROAD",NULL,NULL,NULL,NULL,NULL,NULL,"0.2230899350185686","0.2230899350185686","0.1381160458326748","0.1381160458326748","611662",1,"{136212,136213}","0.223089935018569","0.138116045832675","0.22308993501856900000","0.13811604583267500000","221","86","150","0",2,NULL,NULL,NULL,NULL,NULL,NULL,NULL,NULL,NULL,NULL,NULL,NULL,NULL,NULL,NULL,NULL,NULL,NULL,NULL,NULL,NULL,NULL,NULL,NULL,NULL,NULL,NULL,"no",NULL
"d6306429-90ff-4471-b167-1f0413e53118","0101000020910B0000004C3A55F6032441CFB30E294A975341",NULL,"stream_crossing",NULL,NULL,NULL,"Bens Brook",2,"[""01fb000""]","msa","Browns (P) Lane",NULL,"MODELLED","ROAD",NULL,NULL,NULL,NULL,NULL,NULL,"0.5988489920511182","1.0886786577059888","0.3580353182669095","0.5477600512978431","616802",1,NULL,"0.598848992051118","0.358035318266909","0.59884899205111800000","0.35803531826690900000","31","26","27","0",0,NULL,NULL,NULL,NULL,NULL,NULL,NULL,NULL,NULL,NULL,NULL,NULL,NULL,NULL,NULL,NULL,NULL,NULL,NULL,NULL,NULL,NULL,NULL,NULL,NULL,NULL,NULL,"no",NULL
"7fe58b83-17fd-4227-aa67-5a7dcefc1ffa","0101000020910B0000B5392A51068F234115FABD9FBB7A5341",NULL,"stream_crossing",NULL,NULL,NULL,NULL,1,"[""01fb000""]","msa","Driveway",NULL,"MODELLED","ROAD",NULL,NULL,NULL,NULL,NULL,NULL,"0.0786723553841707","0.286994416903454","0.019668088846042674","0.0717486042258635","609092",2,"{259572}","0.286994416903454","0.0717486042258635","0.14349720845172700000","0.03587430211293175000","199","126","163","0",1,NULL,NULL,NULL,NULL,NULL,NULL,NULL,NULL,NULL,NULL,NULL,NULL,NULL,NULL,NULL,NULL,NULL,NULL,NULL,NULL,NULL,NULL,NULL,NULL,NULL,NULL,NULL,"no",NULL
"dd2aa1dd-de3f-423c-bba1-0b46c256648f","0101000020910B0000F7A0138F4B102441F4C6CCE18E8C5341",NULL,"stream_crossing",NULL,NULL,NULL,NULL,2,"[""01fb000""]","msa","Cabot Trail",NULL,"MODELLED","ROAD",NULL,NULL,NULL,NULL,NULL,NULL,"0.08188040162642199","0.08188040162642199","0.06141030121981649","0.06141030121981649","326392",1,NULL,"0.081880401626422","0.0614103012198165","0.08188040162642200000","0.06141030121981650000","97","134","109","0",0,NULL,NULL,NULL,NULL,NULL,NULL,NULL,NULL,NULL,NULL,NULL,NULL,NULL,NULL,NULL,NULL,NULL,NULL,NULL,NULL,NULL,NULL,NULL,NULL,NULL,NULL,NULL,"no",NULL
"f9729616-61d6-4eac-9813-a62c62fd11fd","0101000020910B00001CC1A9DE7AD72341EE6EF434969F5341",NULL,"stream_crossing",NULL,NULL,NULL,"East Branch Gallant River",3,"[""01fb000""]","msa",NULL,NULL,"MODELLED","ROAD",NULL,NULL,NULL,NULL,NULL,NULL,"0.03787997536153829","0.47633878685520076","0.03787997536153829","0.3667240839817851","372652",2,NULL,"0.476338786855201","0.366724083981785","0.23816939342760050000","0.18336204199089250000","53","37","40","0",0,NULL,NULL,NULL,NULL,NULL,NULL,NULL,NULL,NULL,NULL,NULL,NULL,NULL,NULL,NULL,NULL,NULL,NULL,NULL,NULL,NULL,NULL,NULL,NULL,NULL,NULL,NULL,"no",NULL
"f6b15b37-a7e5-4501-be0e-d92ea7606e7b","0101000020910B0000E2534FC81A7B23416B01E96572825341",NULL,"stream_crossing",NULL,NULL,NULL,NULL,1,"[""01fb000""]","msa","Driveway",NULL,"MODELLED","ROAD",NULL,NULL,NULL,NULL,NULL,NULL,"0.15743089365233537","0.15743089365233537","0.03935772341308384","0.03935772341308384","447182",3,NULL,"0.157430893652335","0.0393577234130838","0.05247696455077833333","0.01311924113769460000","140","155","141","0",2,NULL,NULL,NULL,NULL,NULL,NULL,NULL,NULL,NULL,NULL,NULL,NULL,NULL,NULL,NULL,NULL,NULL,NULL,NULL,NULL,NULL,NULL,NULL,NULL,NULL,NULL,NULL,"no",NULL
"7113ff60-f813-4151-a7da-65b4d091de25","0101000020910B0000B59A1C374FBA2341E80CA71B9A945341",NULL,"stream_crossing",NULL,NULL,NULL,NULL,1,"[""01fb000""]","msa","Cabot Trail",NULL,"MODELLED","ROAD",NULL,NULL,NULL,NULL,NULL,NULL,"0.04590254618085474","1.0273692435263089","0.011475636545213686","0.2568423108815772","354662",4,NULL,"1.02736924352631","0.256842310881577","0.25684231088157750000","0.06421057772039425000","94","52","65","0",0,NULL,NULL,NULL,NULL,NULL,NULL,NULL,NULL,NULL,NULL,NULL,NULL,NULL,NULL,NULL,NULL,NULL,NULL,NULL,NULL,NULL,NULL,NULL,NULL,NULL,NULL,NULL,"no",NULL
"6cead1aa-6d7c-40ae-9827-cd1c57635997","0101000020910B0000EF694961A28E234159A28D78CA7A5341",NULL,"stream_crossing",NULL,NULL,NULL,NULL,1,"[""01fb000""]","msa","Track",NULL,"MODELLED","ROAD",NULL,NULL,NULL,NULL,NULL,NULL,"0.20832206151928329","0.20832206151928329","0.05208051537982082","0.05208051537982082","609092",2,"{259572}","0.286994416903454","0.0717486042258635","0.14349720845172700000","0.03587430211293175000","199","126","163","0",2,NULL,NULL,NULL,NULL,NULL,NULL,NULL,NULL,NULL,NULL,NULL,NULL,NULL,NULL,NULL,NULL,NULL,NULL,NULL,NULL,NULL,NULL,NULL,NULL,NULL,NULL,NULL,"no",NULL
"5fad4cdd-8326-4f67-ad86-b9a7d39e8e1c","0101000020910B0000A930796AFFB32341381D6EBBFD925341",NULL,"stream_crossing",NULL,NULL,NULL,"William Donalds Brook",2,"[""01fb000""]","msa",NULL,NULL,"MODELLED","ROAD",NULL,NULL,NULL,NULL,NULL,NULL,"1.3720195764157193","2.0866221315558198","0.5865091262112312","0.7651597649962562","490872",4,NULL,"3.02614923278484","1.82710636848807","0.75653730819621000000","0.45677659212201750000","23","7","16","0",3,"William Donalds Brook at HW 19 - 4",NULL,NULL,NULL,NULL,NULL,NULL,NULL,NULL,NULL,NULL,NULL,NULL,NULL,NULL,NULL,NULL,NULL,NULL,NULL,NULL,NULL,NULL,NULL,NULL,NULL,NULL,"yes",NULL
"37ae8d30-3a9e-4243-87fc-60c7ff80cc8f","0101000020910B00004E99483002982341F9EA68F2AE865341",NULL,"stream_crossing",NULL,NULL,NULL,"Little Camerons Brook",2,"[""01fb000""]","msa","Lakeview Dr",NULL,"MODELLED","ROAD",NULL,NULL,NULL,NULL,NULL,NULL,"0.05386046621832293","0.05386046621832293","0.040395349663742204","0.040395349663742204","573113",1,"{573112}","0.0538604662183229","0.0403953496637422","0.05386046621832290000","0.04039534966374220000","234","153","198","0",2,NULL,NULL,NULL,NULL,NULL,NULL,NULL,NULL,NULL,NULL,NULL,NULL,NULL,NULL,NULL,NULL,NULL,NULL,NULL,NULL,NULL,NULL,NULL,NULL,NULL,NULL,NULL,"no",NULL
"2ba99fe9-a145-4d5a-8626-b1c0139ed26f","0101000020910B0000C042AB87E0A923418B9B2844048C5341",NULL,"stream_crossing",NULL,NULL,NULL,"Blacksmiths Brook",2,"[""01fb000""]","msa","MacFarlane Rd",NULL,"MODELLED","ROAD",NULL,NULL,NULL,NULL,NULL,NULL,"0","0.018885557478551706","0","0.014164168108913782","578252",2,NULL,"0.0188855574785517","0.0141641681089138","0.00944277873927585000","0.00708208405445690000","147","187","170","0",0,NULL,NULL,NULL,NULL,NULL,NULL,NULL,NULL,NULL,NULL,NULL,NULL,NULL,NULL,NULL,NULL,NULL,NULL,NULL,NULL,NULL,NULL,NULL,NULL,NULL,NULL,NULL,"no",NULL
"d5570157-40a8-4e9a-94d6-808ce94747a5","0101000020910B00002EAE1F9AB09A2341D47E6F4D29865341",NULL,"stream_crossing",NULL,NULL,NULL,"Little Camerons Brook",3,"[""01fb000""]","msa",NULL,NULL,"MODELLED","ROAD",NULL,NULL,NULL,NULL,NULL,NULL,"0","0.206550169461778","0","0.15491262709633352","573112",2,NULL,"0.152689703243455","0.114517277432591","0.07634485162172750000","0.05725863871629550000","101","79","79","0",0,NULL,NULL,NULL,NULL,NULL,NULL,NULL,NULL,NULL,NULL,NULL,NULL,NULL,NULL,NULL,NULL,NULL,NULL,NULL,NULL,NULL,NULL,NULL,NULL,NULL,NULL,NULL,"no",NULL
"5e1cbe2d-5f88-4f56-ba8f-7b27bb4332f3","0101000020910B0000DF546A407FC52341516DEF9D3A945341",NULL,"stream_crossing",NULL,NULL,NULL,NULL,1,"[""01fb000""]","msa","Track",NULL,"MODELLED","ROAD",NULL,NULL,NULL,NULL,NULL,NULL,"0.12350053173526143","0.12350053173526143","0.030875132933815358","0.030875132933815358","555125",1,"{555122,555123,555124}","0.123500531735261","0.0308751329338154","0.12350053173526100000","0.03087513293381540000","256","164","207","0",5,NULL,NULL,NULL,NULL,NULL,NULL,NULL,NULL,NULL,NULL,NULL,NULL,NULL,NULL,NULL,NULL,NULL,NULL,NULL,NULL,NULL,NULL,NULL,NULL,NULL,NULL,NULL,"no",NULL
"b080b732-4309-48dc-a640-7954c6439d63","0101000020910B0000246AAA7F21B723414AFE7AB60C9C5341",NULL,"stream_crossing",NULL,NULL,NULL,"Scotch Hill Brook",2,"[""01fb000""]","msa","Track",NULL,"MODELLED","ROAD",NULL,NULL,NULL,NULL,NULL,NULL,"0.1480735266309748","0.19609987287881345","0.11105514497323112","0.14707490465911008","274992",1,NULL,"0.148073526630975","0.111055144973231","0.14807352663097500000","0.11105514497323100000","72","82","69","0",0,NULL,NULL,NULL,NULL,NULL,NULL,NULL,NULL,NULL,NULL,NULL,NULL,NULL,NULL,NULL,NULL,NULL,NULL,NULL,NULL,NULL,NULL,NULL,NULL,NULL,NULL,NULL,"no",NULL
"560c7b06-4e87-4e6f-abe4-8ee15b5ad9b5","0101000020910B0000EE27A02FE62D2341EDBFCC99EB7D5341",NULL,"stream_crossing",NULL,NULL,NULL,NULL,2,"[""01fb000""]","msa","Highway 19",NULL,"MODELLED","ROAD",NULL,NULL,NULL,NULL,NULL,NULL,"0.6075635117581358","0.8849594333223765","0.45567263381860185","0.6505187457492081","508862",1,NULL,"0.607563511758136","0.455672633818602","0.60756351175813600000","0.45567263381860200000","24","23","24","0",0,NULL,NULL,NULL,NULL,NULL,NULL,NULL,NULL,NULL,NULL,NULL,NULL,NULL,NULL,NULL,NULL,NULL,NULL,NULL,NULL,NULL,NULL,NULL,NULL,NULL,NULL,NULL,"no",NULL
"ac2b266c-16e0-423b-98ac-8f62dca8307c","0101000020910B0000FF7198AB31EF23410F751280B1955341",NULL,"stream_crossing",NULL,NULL,NULL,"Schoolhouse Brook",2,"[""01fb000""]","msa","West Big Intervale Rd",NULL,"MODELLED","ROAD",NULL,NULL,NULL,NULL,NULL,NULL,"0.4754744444466633","0.4754744444466633","0.3566058333349975","0.3566058333349975","146492",1,NULL,"0.475474444446663","0.356605833334998","0.47547444444666300000","0.35660583333499800000","32","39","34","0",0,NULL,NULL,NULL,NULL,NULL,NULL,NULL,NULL,NULL,NULL,NULL,NULL,NULL,NULL,NULL,NULL,NULL,NULL,NULL,NULL,NULL,NULL,NULL,NULL,NULL,NULL,NULL,"no",NULL
"f6f6c219-e147-47d3-ba25-49f195d49f2c","0101000020910B00002C677C8AABE12341297C08DD03975341",NULL,"stream_crossing",NULL,NULL,NULL,"Marsh Brook",1,"[""01fb000""]","msa","Track",NULL,"MODELLED","ROAD",NULL,NULL,NULL,NULL,NULL,NULL,"0.2796736680934722","0.2796736680934722","0.06991841702336805","0.06991841702336805","287842",2,NULL,"0.402474824361318","0.10061870609033","0.20123741218065900000","0.05030935304516500000","105","107","97","0",1,NULL,NULL,NULL,NULL,NULL,NULL,NULL,NULL,NULL,NULL,NULL,NULL,NULL,NULL,NULL,NULL,NULL,NULL,NULL,NULL,NULL,NULL,NULL,NULL,NULL,NULL,NULL,"no",NULL
"8983e272-15ef-4cdc-8c49-021f64abdf50","0101000020910B00000B70454E109A23419F3F49D338865341",NULL,"stream_crossing",NULL,NULL,NULL,"Little Camerons Brook",3,"[""01fb000""]","msa","Track",NULL,"MODELLED","ROAD",NULL,NULL,NULL,NULL,NULL,NULL,"0.15268970324345507","0.206550169461778","0.11451727743259131","0.15491262709633352","573112",2,NULL,"0.152689703243455","0.114517277432591","0.07634485162172750000","0.05725863871629550000","101","79","79","0",1,NULL,NULL,NULL,NULL,NULL,NULL,NULL,NULL,NULL,NULL,NULL,NULL,NULL,NULL,NULL,NULL,NULL,NULL,NULL,NULL,NULL,NULL,NULL,NULL,NULL,NULL,NULL,"no",NULL
"e1eaf125-d0d2-4c0c-b508-286df950d07d","0101000020910B0000E83655EDCDBF2341BE728FA2337C5341",NULL,"stream_crossing",NULL,NULL,NULL,NULL,1,"[""01fb000""]","msa","Track",NULL,"MODELLED","ROAD",NULL,NULL,NULL,NULL,NULL,NULL,"0.13371270347155909","0.13371270347155909","0.03342817586788977","0.03342817586788977","285272",1,NULL,"0.133712703471559","0.0334281758678898","0.13371270347155900000","0.03342817586788980000","122","163","137","0",0,NULL,NULL,NULL,NULL,NULL,NULL,NULL,NULL,NULL,NULL,NULL,NULL,NULL,NULL,NULL,NULL,NULL,NULL,NULL,NULL,NULL,NULL,NULL,NULL,NULL,NULL,NULL,"no",NULL
"1872a752-e8cb-4e15-a061-b9381f2a17c8","0101000020910B0000E0A8920338A82341043D36A7968B5341",NULL,"stream_crossing",NULL,NULL,NULL,NULL,2,"[""01fb000""]","msa","Driveway",NULL,"MODELLED","ROAD",NULL,NULL,NULL,NULL,NULL,NULL,"0","0.10357958697526545","0","0.025894896743816363","485732",2,"{334102}","0","0","0.00000000000000000000","0.00000000000000000000","215","168","196","0",1,NULL,NULL,NULL,NULL,NULL,NULL,NULL,NULL,NULL,NULL,NULL,NULL,NULL,NULL,NULL,NULL,NULL,NULL,NULL,NULL,NULL,NULL,NULL,NULL,NULL,NULL,NULL,"no",NULL
"9209771f-3ff7-4996-b7c0-09128d528446","0101000020910B00004A5862CEC1B123415A3E970E619A5341",NULL,"stream_crossing",NULL,NULL,NULL,"Scotch Hill Brook",2,"[""01fb000""]","msa","Track",NULL,"MODELLED","ROAD",NULL,NULL,NULL,NULL,NULL,NULL,"0.048026346247838636","0.048026346247838636","0.036019759685878984","0.036019759685878984","274993",1,"{274992}","0.0480263462478386","0.036019759685879","0.04802634624783860000","0.03601975968587900000","198","159","183","0",1,NULL,NULL,NULL,NULL,NULL,NULL,NULL,NULL,NULL,NULL,NULL,NULL,NULL,NULL,NULL,NULL,NULL,NULL,NULL,NULL,NULL,NULL,NULL,NULL,NULL,NULL,NULL,"no",NULL
"25d63428-d4ab-42a3-934e-a37bfcf60b5e","0101000020910B00007FFA2A1BC4E4234113922EB3599D5341",NULL,"stream_crossing",NULL,NULL,NULL,NULL,1,"[""01fb000""]","msa",NULL,NULL,"MODELLED","ROAD",NULL,NULL,NULL,NULL,NULL,NULL,"0.3297612034672484","0.3297612034672484","0.0824403008668121","0.0824403008668121","567972",1,"{310972}","0.329761203467248","0.0824403008668121","0.32976120346724800000","0.08244030086681210000","183","120","147","0",1,NULL,NULL,NULL,NULL,NULL,NULL,NULL,NULL,NULL,NULL,NULL,NULL,NULL,NULL,NULL,NULL,NULL,NULL,NULL,NULL,NULL,NULL,NULL,NULL,NULL,NULL,NULL,"no",NULL
"5b1c2a78-96f3-4833-ab82-97767d258bc2","0101000020910B00000D9C55898B802341B556D55882855341",NULL,"stream_crossing",NULL,NULL,NULL,"Dunbar Brook",1,"[""01fb000""]","msa",NULL,NULL,"MODELLED","ROAD",NULL,NULL,NULL,NULL,NULL,NULL,"0","0.00415055038594835","0","0.0010376375964870875","246723",4,"{246722}","0.00415055038594835","0.00103763759648709","0.00103763759648708750","0.00025940939912177250","213","208","208","0",3,NULL,NULL,NULL,NULL,NULL,NULL,NULL,NULL,NULL,NULL,NULL,NULL,NULL,NULL,NULL,NULL,NULL,NULL,NULL,NULL,NULL,NULL,NULL,NULL,NULL,NULL,NULL,"no",NULL
"ac6083f0-300c-415c-81d7-e776f85fc8e7","0101000020910B000044A4AED498802441BB0622D141AC5341",NULL,"stream_crossing",NULL,NULL,NULL,"Calumruadh Brook",1,"[""01fb000""]","msa",NULL,NULL,"MODELLED","ROAD",NULL,NULL,NULL,NULL,NULL,NULL,"0.03761842692595031","0.486691654774587","0.009404606731487578","0.12167291369364674","434332",2,NULL,"0.486691654774587","0.121672913693647","0.24334582738729350000","0.06083645684682350000","99","96","84","0",0,NULL,NULL,NULL,NULL,NULL,NULL,NULL,NULL,NULL,NULL,NULL,NULL,NULL,NULL,NULL,NULL,NULL,NULL,NULL,NULL,NULL,NULL,NULL,NULL,NULL,NULL,NULL,"no",NULL
"8a82d68c-81ff-4934-a4bd-c27f1f79550b","0101000020910B0000C39DC12148AD23411B62B12CC18A5341",NULL,"stream_crossing",NULL,NULL,NULL,NULL,1,"[""01fb000""]","msa","Southwest Margaree Rd",NULL,"MODELLED","ROAD",NULL,NULL,NULL,NULL,NULL,NULL,"0.005137711772350953","0.008610738496501248","0.0012844279430877382","0.002152684624125312","408632",1,NULL,"0.00513771177235095","0.00128442794308774","0.00513771177235095000","0.00128442794308774000","154","203","185","0",0,NULL,NULL,NULL,NULL,NULL,NULL,NULL,NULL,NULL,NULL,NULL,NULL,NULL,NULL,NULL,NULL,NULL,NULL,NULL,NULL,NULL,NULL,NULL,NULL,NULL,NULL,NULL,"no",NULL
"f26ec9d0-b8b4-47db-ab09-32e628e4b90c","0101000020910B0000AC217E0556DF23417B5E416CFAA05341",NULL,"stream_crossing",NULL,NULL,NULL,"Mink Brook",2,"[""01fb000""]","msa","Track",NULL,"MODELLED","ROAD",NULL,NULL,NULL,NULL,NULL,NULL,"0.2745936536299306","0.2745936536299306","0.06864841340748265","0.06864841340748265","244152",1,"{38552}","0.274593653629931","0.0686484134074827","0.27459365362993100000","0.06864841340748270000","185","129","155","0",1,NULL,NULL,NULL,NULL,NULL,NULL,NULL,NULL,NULL,NULL,NULL,NULL,NULL,NULL,NULL,NULL,NULL,NULL,NULL,NULL,NULL,NULL,NULL,NULL,NULL,NULL,NULL,"no",NULL
"390b2111-9ff3-4496-8954-90673bab9572","0101000020910B0000F0294A0D5DE52341A671CBDA619A5341",NULL,"stream_crossing",NULL,NULL,NULL,"Deep Brook",2,"[""01fb000""]","msa","Track",NULL,"MODELLED","ROAD",NULL,NULL,NULL,NULL,NULL,NULL,"0","0.24588191516604005","0","0.06147047879151001","2572",4,NULL,"0.24588191516604","0.06147047879151","0.06147047879151000000","0.01536761969787750000","138","133","127","0",1,NULL,NULL,NULL,NULL,NULL,NULL,NULL,NULL,NULL,NULL,NULL,NULL,NULL,NULL,NULL,NULL,NULL,NULL,NULL,NULL,NULL,NULL,NULL,NULL,NULL,NULL,NULL,"no",NULL
"383cb0d4-9270-42a4-afb8-d7ae2a9c6b72","0101000020910B000081151AC74DF72341AFA452594F955341",NULL,"stream_crossing",NULL,NULL,NULL,NULL,1,"[""01fb000""]","msa","Cranton Cross Rd",NULL,"MODELLED","ROAD",NULL,NULL,NULL,NULL,NULL,NULL,"1.2423117213417398","1.2423117213417398","0.31057793033543496","0.31057793033543496","61682",1,NULL,"1.24231172134174","0.310577930335435","1.24231172134174000000","0.31057793033543500000","36","44","36","0",0,NULL,NULL,NULL,NULL,NULL,NULL,NULL,NULL,NULL,NULL,NULL,NULL,NULL,NULL,NULL,NULL,NULL,NULL,NULL,NULL,NULL,NULL,NULL,NULL,NULL,NULL,NULL,"no",NULL
"0f135dd5-9a23-4cee-8831-ec8507400aa9","0101000020910B0000D83FC39C60A523412C91E484AE895341",NULL,"stream_crossing",NULL,NULL,NULL,NULL,2,"[""01fb000""]","msa","Driveway",NULL,"MODELLED","ROAD",NULL,NULL,NULL,NULL,NULL,NULL,"0","0.11691186222564477","0","0.08768389666923358","580822",2,NULL,"0.116911862225645","0.0876838966692336","0.05845593111282250000","0.04384194833461680000","115","118","112","0",0,NULL,NULL,NULL,NULL,NULL,NULL,NULL,NULL,NULL,NULL,NULL,NULL,NULL,NULL,NULL,NULL,NULL,NULL,NULL,NULL,NULL,NULL,NULL,NULL,NULL,NULL,NULL,"no",NULL
"bdd27363-c8c9-4d35-9f85-dae9720125ba","0101000020910B00009DD90E07957E2341791514F3A38F5341",NULL,"stream_crossing",NULL,NULL,NULL,NULL,1,"[""01fb000""]","msa","Driveway",NULL,"MODELLED","ROAD",NULL,NULL,NULL,NULL,NULL,NULL,"0.4091326271512815","0.4091326271512815","0.10228315678782038","0.10228315678782038","583392",1,"{231302}","0.409132627151282","0.10228315678782","0.40913262715128200000","0.10228315678782000000","226","105","168","0",2,NULL,NULL,NULL,NULL,NULL,NULL,NULL,NULL,NULL,NULL,NULL,NULL,NULL,NULL,NULL,NULL,NULL,NULL,NULL,NULL,NULL,NULL,NULL,NULL,NULL,NULL,NULL,"no",NULL
"326e977d-cbf3-4c0f-8cc0-5789381ffc12","0101000020910B0000BD0CD7E49A212441DFB8ADB1A28E5341",NULL,"stream_crossing",NULL,NULL,NULL,NULL,2,"[""01fb000""]","msa",NULL,NULL,"MODELLED","ROAD",NULL,NULL,NULL,NULL,NULL,NULL,"0.1680782048382605","0.1680782048382605","0.12605865362869537","0.12605865362869537","264712",1,NULL,"0.16807820483826","0.126058653628695","0.16807820483826000000","0.12605865362869500000","69","95","73","0",0,NULL,NULL,NULL,NULL,NULL,NULL,NULL,NULL,NULL,NULL,NULL,NULL,NULL,NULL,NULL,NULL,NULL,NULL,NULL,NULL,NULL,NULL,NULL,NULL,NULL,NULL,NULL,"no",NULL
"6aafc3f7-95f2-4034-8cb0-3ba589b8ac57","0101000020910B000029B2AE2155832441EEFDC2A670AE5341",NULL,"stream_crossing",NULL,NULL,NULL,NULL,1,"[""01fb000""]","msa",NULL,NULL,"MODELLED","ROAD",NULL,NULL,NULL,NULL,NULL,NULL,"0.642289078996936","0.642289078996936","0.160572269749234","0.160572269749234","107942",1,NULL,"0.642289078996936","0.160572269749234","0.64228907899693600000","0.16057226974923400000","57","76","58","0",0,NULL,NULL,NULL,NULL,NULL,NULL,NULL,NULL,NULL,NULL,NULL,NULL,NULL,NULL,NULL,NULL,NULL,NULL,NULL,NULL,NULL,NULL,NULL,NULL,NULL,NULL,NULL,"no",NULL
"37c95390-74e6-4d8e-aa49-6bd326e30e1a","0101000020910B00001BA43414AB842341791A09FEEA835341",NULL,"stream_crossing",NULL,NULL,NULL,"Dunbar Brook",1,"[""01fb000""]","msa","Dunbar Rd",NULL,"MODELLED","ROAD",NULL,NULL,NULL,NULL,NULL,NULL,"0","0.00415055038594835","0","0.0010376375964870875","246723",4,"{246722}","0.00415055038594835","0.00103763759648709","0.00103763759648708750","0.00025940939912177250","213","208","208","0",1,NULL,NULL,NULL,NULL,NULL,NULL,NULL,NULL,NULL,NULL,NULL,NULL,NULL,NULL,NULL,NULL,NULL,NULL,NULL,NULL,NULL,NULL,NULL,NULL,NULL,NULL,NULL,"no",NULL
"b09debfb-a824-4e97-9415-c7207a8e64cf","0101000020910B000093BF49BB9380244107644B2465AD5341",NULL,"stream_crossing",NULL,NULL,NULL,NULL,1,"[""01fb000""]","msa",NULL,NULL,"MODELLED","ROAD",NULL,NULL,NULL,NULL,NULL,NULL,"0.5322692753721764","0.5322692753721764","0.1330673188430441","0.1330673188430441","133642",1,NULL,"0.532269275372176","0.133067318843044","0.53226927537217600000","0.13306731884304400000","66","90","70","0",0,NULL,NULL,NULL,NULL,NULL,NULL,NULL,NULL,NULL,NULL,NULL,NULL,NULL,NULL,NULL,NULL,NULL,NULL,NULL,NULL,NULL,NULL,NULL,NULL,NULL,NULL,NULL,"no",NULL
"a5d71f27-9a39-4c16-b43c-90015b7a346d","0101000020910B00006D663354AB2B244136AC4B43CEA95341",NULL,"stream_crossing",NULL,NULL,NULL,NULL,1,"[""01fb000""]","msa",NULL,NULL,"MODELLED","ROAD",NULL,NULL,NULL,NULL,NULL,NULL,"0.03988407777691302","0.03988407777691302","0.009971019444228254","0.009971019444228254","362372",1,NULL,"0.039884077776913","0.00997101944422825","0.03988407777691300000","0.00997101944422825000","144","194","174","0",0,NULL,NULL,NULL,NULL,NULL,NULL,NULL,NULL,NULL,NULL,NULL,NULL,NULL,NULL,NULL,NULL,NULL,NULL,NULL,NULL,NULL,NULL,NULL,NULL,NULL,NULL,NULL,"no",NULL
"473809e3-f75f-40ee-9ee8-19b419e26a1f","0101000020910B00001458AFD6CCFE2341DDE870C263A45341",NULL,"stream_crossing",NULL,NULL,NULL,NULL,2,"[""01fb000""]","msa",NULL,NULL,"MODELLED","ROAD",NULL,NULL,NULL,NULL,NULL,NULL,"1.8260669838616272","1.8260669838616272","0.9434349238650002","0.9434349238650002","48832",1,NULL,"1.82606698386163","0.943434923865","1.82606698386163000000","0.94343492386500000000","6","12","7","0",0,"Stewart Brook at Unnamed Farm Rd",NULL,NULL,NULL,NULL,NULL,NULL,NULL,NULL,NULL,NULL,NULL,NULL,NULL,NULL,NULL,NULL,NULL,NULL,NULL,NULL,NULL,NULL,NULL,NULL,NULL,NULL,"yes",NULL
"2d547512-26cd-4f4b-8352-5d7073960647","0101000020910B00004EBF747D03B123416E0DC440E28B5341",NULL,"stream_crossing",NULL,NULL,NULL,"Blacksmiths Brook",2,"[""01fb000""]","msa","Track",NULL,"MODELLED","ROAD",NULL,NULL,NULL,NULL,NULL,NULL,"0.018885557478551706","0.018885557478551706","0.014164168108913782","0.014164168108913782","578252",2,NULL,"0.0188855574785517","0.0141641681089138","0.00944277873927585000","0.00708208405445690000","147","187","170","0",1,NULL,NULL,NULL,NULL,NULL,NULL,NULL,NULL,NULL,NULL,NULL,NULL,NULL,NULL,NULL,NULL,NULL,NULL,NULL,NULL,NULL,NULL,NULL,NULL,NULL,NULL,NULL,"no",NULL
"ee268063-a14e-4ae8-a045-3910db1799f3","0101000020910B000003E35C69EF182441DF2233F8829B5341",NULL,"stream_crossing",NULL,NULL,NULL,NULL,1,"[""01fb000""]","msa","Track",NULL,"MODELLED","ROAD",NULL,NULL,NULL,NULL,NULL,NULL,"0.41903794271497063","0.41903794271497063","0.10475948567874266","0.10475948567874266","501152",2,"{12852,12853}","0.557469339050084","0.139367334762521","0.27873466952504200000","0.06968366738126050000","230","85","156","0",3,NULL,NULL,NULL,NULL,NULL,NULL,NULL,NULL,NULL,NULL,NULL,NULL,NULL,NULL,NULL,NULL,NULL,NULL,NULL,NULL,NULL,NULL,NULL,NULL,NULL,NULL,NULL,"no",NULL
"cd6243c4-f12f-4ca4-a68c-85cd419e0367","0101000020910B0000CDBE18F842C42341009FAC1F95935341",NULL,"stream_crossing",NULL,NULL,NULL,NULL,1,"[""01fb000""]","msa","Doyles Rd",NULL,"MODELLED","ROAD",NULL,NULL,NULL,NULL,NULL,NULL,"0.13743777016911213","0.13743777016911213","0.03435944254227803","0.03435944254227803","601382",1,"{87382}","0.137437770169112","0.034359442542278","0.13743777016911200000","0.03435944254227800000","201","162","191","0",1,NULL,NULL,NULL,NULL,NULL,NULL,NULL,NULL,NULL,NULL,NULL,NULL,NULL,NULL,NULL,NULL,NULL,NULL,NULL,NULL,NULL,NULL,NULL,NULL,NULL,NULL,NULL,"no",NULL
"c905570e-b523-4b3c-be1c-555107f2d226","0101000020910B00006A1B3B09C8F3234174F8A34A70915341",NULL,"stream_crossing",NULL,NULL,NULL,NULL,1,"[""01fb000""]","msa","Track",NULL,"MODELLED","ROAD",NULL,NULL,NULL,NULL,NULL,NULL,"1.0561479784786412","1.7664079421008256","0.2640369946196603","0.4416019855252064","444612",1,NULL,"1.05614797847864","0.26403699461966","1.05614797847864000000","0.26403699461966000000","38","29","31","0",0,NULL,NULL,NULL,NULL,NULL,NULL,NULL,NULL,NULL,NULL,NULL,NULL,NULL,NULL,NULL,NULL,NULL,NULL,NULL,NULL,NULL,NULL,NULL,NULL,NULL,NULL,NULL,"no",NULL
"1a0a4e64-167d-49e4-ba93-9877c8f99693","0101000020910B000015277D02C5A12341AD4D64DE388E5341",NULL,"stream_crossing",NULL,NULL,NULL,NULL,2,"[""01fb000""]","msa","Driveway",NULL,"MODELLED","ROAD",NULL,NULL,NULL,NULL,NULL,NULL,"0.45422514946773684","0.5948671303358429","0.34066886210080266","0.3758293573178291","10282",1,NULL,"0.454225149467737","0.340668862100803","0.45422514946773700000","0.34066886210080300000","33","36","32","0",0,NULL,NULL,NULL,NULL,NULL,NULL,NULL,NULL,NULL,NULL,NULL,NULL,NULL,NULL,NULL,NULL,NULL,NULL,NULL,NULL,NULL,NULL,NULL,NULL,NULL,NULL,NULL,"no",NULL
"05a8c9fd-cf9e-4270-ad5e-68fcf1613363","0101000020910B000078A42E4464A623419A9999B9E9905341",NULL,"stream_crossing",NULL,NULL,NULL,NULL,1,"[""01fb000""]","msa","Highway 19",NULL,"MODELLED","ROAD",NULL,NULL,NULL,NULL,NULL,NULL,"0.5823362156503532","0.5823362156503532","0.1455840539125883","0.1455840539125883","123362",1,NULL,"0.582336215650353","0.145584053912588","0.58233621565035300000","0.14558405391258800000","62","83","64","0",0,NULL,NULL,NULL,NULL,NULL,NULL,NULL,NULL,NULL,NULL,NULL,NULL,NULL,NULL,NULL,NULL,NULL,NULL,NULL,NULL,NULL,NULL,NULL,NULL,NULL,NULL,NULL,"no",NULL
"02fb3c8e-110c-4637-91e8-7a6330abcb65","0101000020910B000030063D82A5BC2341B5062CDBCC955341",NULL,"stream_crossing",NULL,NULL,NULL,NULL,1,"[""01fb000""]","msa","Track",NULL,"MODELLED","ROAD",NULL,NULL,NULL,NULL,NULL,NULL,"0.21035006914596918","0.21035006914596918","0.052587517286492295","0.052587517286492295","606522",3,NULL,"0.427174697785969","0.136190353710136","0.14239156592865633333","0.04539678457004533333","113","84","88","0",2,NULL,NULL,NULL,NULL,NULL,NULL,NULL,NULL,NULL,NULL,NULL,NULL,NULL,NULL,NULL,NULL,NULL,NULL,NULL,NULL,NULL,NULL,NULL,NULL,NULL,NULL,NULL,"no",NULL
"8f597f8b-8d10-4dbe-ab9c-fbf9ab74fd61","0101000020910B00009F9CCFDC824F2441507FE351FBB05341",NULL,"stream_crossing",NULL,NULL,NULL,NULL,1,"[""01fb000""]","msa",NULL,NULL,"MODELLED","ROAD",NULL,NULL,NULL,NULL,NULL,NULL,"0.0006023343132018701","0.0006023343132018701","0.00015058357830046752","0.00015058357830046752","411202",1,NULL,"0.00060233431320187","0.000150583578300468","0.00060233431320187000","0.000150583578300468000000","157","211","193","0",0,NULL,NULL,NULL,NULL,NULL,NULL,NULL,NULL,NULL,NULL,NULL,NULL,NULL,NULL,NULL,NULL,NULL,NULL,NULL,NULL,NULL,NULL,NULL,NULL,NULL,NULL,NULL,"no",NULL
"0adc5c43-6cae-40fe-a34c-e6a2c64daa4b","0101000020910B000050191B1E2C14244196FDE9CCCC9A5341",NULL,"stream_crossing",NULL,NULL,NULL,"Charlie Brook",3,"[""01fb000""]","msa","Track",NULL,"MODELLED","ROAD",NULL,NULL,NULL,NULL,NULL,NULL,"0.4319370265430464","1.4855610522823273","0.4319370265430464","0.7268560661325093","12852",1,NULL,"0.431937026543046","0.431937026543046","0.43193702654304600000","0.43193702654304600000","26","20","23","0",0,NULL,NULL,NULL,NULL,NULL,NULL,NULL,NULL,NULL,NULL,NULL,NULL,NULL,NULL,NULL,NULL,NULL,NULL,NULL,NULL,NULL,NULL,NULL,NULL,NULL,NULL,NULL,"no",NULL
"4f55bc9e-da15-400c-8a01-de65838a5549","0101000020910B0000DFE6B8EE73A32341268411D5C68D5341",NULL,"stream_crossing",NULL,NULL,NULL,NULL,1,"[""01fb000""]","msa","Driveway",NULL,"MODELLED","ROAD",NULL,NULL,NULL,NULL,NULL,NULL,"0.3161887985589395","0.3161887985589395","0.07904719963973487","0.07904719963973487","192752",1,NULL,"0.316188798558939","0.0790471996397349","0.31618879855893900000","0.07904719963973490000","85","121","92","0",0,NULL,NULL,NULL,NULL,NULL,NULL,NULL,NULL,NULL,NULL,NULL,NULL,NULL,NULL,NULL,NULL,NULL,NULL,NULL,NULL,NULL,NULL,NULL,NULL,NULL,NULL,NULL,"no",NULL
"a9be84b7-4ef1-44a1-a8f9-43c13e0012a6","0101000020910B0000D9ACC800917F2441BD9CD70F81AF5341",NULL,"stream_crossing",NULL,NULL,NULL,NULL,1,"[""01fb000""]","msa",NULL,NULL,"MODELLED","ROAD",NULL,NULL,NULL,NULL,NULL,NULL,"0.47322531129618894","0.47322531129618894","0.11830632782404724","0.11830632782404724","149062",1,NULL,"0.473225311296189","0.118306327824047","0.47322531129618900000","0.11830632782404700000","70","98","74","0",0,NULL,NULL,NULL,NULL,NULL,NULL,NULL,NULL,NULL,NULL,NULL,NULL,NULL,NULL,NULL,NULL,NULL,NULL,NULL,NULL,NULL,NULL,NULL,NULL,NULL,NULL,NULL,"no",NULL
"295998a7-af77-4664-b51a-d85bee09fec3","0101000020910B0000CF3DEE25830424415516E18BA4975341",NULL,"stream_crossing",NULL,NULL,NULL,"Bens Brook",2,"[""01fb000""]","msa","Track",NULL,"MODELLED","ROAD",NULL,NULL,NULL,NULL,NULL,NULL,"0.13453463323443207","0.13453463323443207","0.10090097492582406","0.10090097492582406","616803",1,"{616802}","0.134534633234432","0.100900974925824","0.13453463323443200000","0.10090097492582400000","176","106","136","0",1,NULL,NULL,NULL,NULL,NULL,NULL,NULL,NULL,NULL,NULL,NULL,NULL,NULL,NULL,NULL,NULL,NULL,NULL,NULL,NULL,NULL,NULL,NULL,NULL,NULL,NULL,NULL,"no",NULL
"082854be-a851-4c75-8719-95db8c632e99","0101000020910B0000445DF49F52132441F4F7A372E09E5341",NULL,"stream_crossing",NULL,NULL,NULL,NULL,1,"[""01fb000""]","msa","West Big Intervale Rd",NULL,"MODELLED","ROAD",NULL,NULL,NULL,NULL,NULL,NULL,"0.04279532328653709","0.04279532328653709","0.010698830821634272","0.010698830821634272","359802",1,NULL,"0.0427953232865371","0.0106988308216343","0.04279532328653710000","0.01069883082163430000","142","191","169","0",0,NULL,NULL,NULL,NULL,NULL,NULL,NULL,NULL,NULL,NULL,NULL,NULL,NULL,NULL,NULL,NULL,NULL,NULL,NULL,NULL,NULL,NULL,NULL,NULL,NULL,NULL,NULL,"no",NULL
"cb8bd622-8166-47fe-8199-582b3b0eee14","0101000020910B000017EA82EA0AAA2341D8E963FFC4935341",NULL,"stream_crossing",NULL,NULL,NULL,"MacKenzies Brook",2,"[""01fb000""]","msa","Coady Rd",NULL,"MODELLED","ROAD",NULL,NULL,NULL,NULL,NULL,NULL,"0.1841210983002319","0.1841210983002319","0.13809082372517392","0.13809082372517392","254432",1,NULL,"0.184121098300232","0.138090823725174","0.18412109830023200000","0.13809082372517400000","63","87","67","0",0,NULL,NULL,NULL,NULL,NULL,NULL,NULL,NULL,NULL,NULL,NULL,NULL,NULL,NULL,NULL,NULL,NULL,NULL,NULL,NULL,NULL,NULL,NULL,NULL,NULL,NULL,NULL,"no",NULL
"461d78ec-12ee-40ef-8582-19851046d0e5","0101000020910B00007789838CA5BE2341ED589C95C48E5341",NULL,"stream_crossing",NULL,NULL,NULL,NULL,1,"[""01fb000""]","msa",NULL,NULL,"MODELLED","ROAD",NULL,NULL,NULL,NULL,NULL,NULL,"0.08670718166149717","0.08670718166149717","0.021676795415374293","0.021676795415374293","318682",1,NULL,"0.0867071816614972","0.0216767954153743","0.08670718166149720000","0.02167679541537430000","129","174","146","0",0,NULL,NULL,NULL,NULL,NULL,NULL,NULL,NULL,NULL,NULL,NULL,NULL,NULL,NULL,NULL,NULL,NULL,NULL,NULL,NULL,NULL,NULL,NULL,NULL,NULL,NULL,NULL,"no",NULL
"e06d45b1-d81a-4679-b6ab-304ffc676d8b","0101000020910B0000A30DD10EC8BA2341B6F7B9BF77945341",NULL,"stream_crossing",NULL,NULL,NULL,NULL,1,"[""01fb000""]","msa","Highway 19",NULL,"MODELLED","ROAD",NULL,NULL,NULL,NULL,NULL,NULL,"0.5423576756057145","0.8730212398448637","0.13558941890142862","0.21825530996121592","354662",4,NULL,"1.02736924352631","0.256842310881577","0.25684231088157750000","0.06421057772039425000","94","52","65","0",2,NULL,NULL,NULL,NULL,NULL,NULL,NULL,NULL,NULL,NULL,NULL,NULL,NULL,NULL,NULL,NULL,NULL,NULL,NULL,NULL,NULL,NULL,NULL,NULL,NULL,NULL,NULL,"no",NULL
"2dde801a-fb29-41f7-8c7d-ff6e236f8657","0101000020910B00003C33F89A9C5823417AB66C61357B5341",NULL,"stream_crossing",NULL,NULL,NULL,NULL,2,"[""01fb000""]","msa","Melrose Hill Rd",NULL,"MODELLED","ROAD",NULL,NULL,NULL,NULL,NULL,NULL,"0.02468011403584002","0.02468011403584002","0.018510085526880014","0.018510085526880014","382932",1,NULL,"0.02468011403584","0.01851008552688","0.02468011403584000000","0.01851008552688000000","133","180","154","0",0,NULL,NULL,NULL,NULL,NULL,NULL,NULL,NULL,NULL,NULL,NULL,NULL,NULL,NULL,NULL,NULL,NULL,NULL,NULL,NULL,NULL,NULL,NULL,NULL,NULL,NULL,NULL,"no",NULL
"7130da29-1275-4a69-8db0-a4f407f0696b","0101000020910B0000ED4D6C8064F3234137B210EEF7945341",NULL,"stream_crossing",NULL,NULL,NULL,NULL,1,"[""01fb000""]","msa",NULL,NULL,"MODELLED","ROAD",NULL,NULL,NULL,NULL,NULL,NULL,"0.0004839836877498405","0.0004839836877498405","0.00012099592193746012","0.00012099592193746012","167053",1,"{167052}","0.00048398368774984","0.00012099592193746","0.00048398368774984000","0.000120995921937460000000","214","212","209","0",1,NULL,NULL,NULL,NULL,NULL,NULL,NULL,NULL,NULL,NULL,NULL,NULL,NULL,NULL,NULL,NULL,NULL,NULL,NULL,NULL,NULL,NULL,NULL,NULL,NULL,NULL,NULL,"no",NULL
"262c7773-6062-4f57-b2bc-6653cb13b94c","0101000020910B000075D54EC8BACA2341E1735E3B59725341",NULL,"stream_crossing",NULL,NULL,NULL,NULL,2,"[""01fb000""]","msa",NULL,NULL,"MODELLED","ROAD",NULL,NULL,NULL,NULL,NULL,NULL,"1.0948916613985318","1.0948916613985318","0.3199194107067193","0.3199194107067193","627082",1,"{46262}","1.09489166139853","0.319919410706719","1.09489166139853000000","0.31991941070671900000","163","42","91","0",1,NULL,NULL,NULL,NULL,NULL,NULL,NULL,NULL,NULL,NULL,NULL,NULL,NULL,NULL,NULL,NULL,NULL,NULL,NULL,NULL,NULL,NULL,NULL,NULL,NULL,NULL,NULL,"no",NULL
"68b82fb9-5d66-444e-bd18-e157fb14e116","0101000020910B00000D0801CA5A0424411889F9BCA99B5341",NULL,"stream_crossing",NULL,NULL,NULL,NULL,1,"[""01fb000""]","msa","West Big Intervale Rd",NULL,"MODELLED","ROAD",NULL,NULL,NULL,NULL,NULL,NULL,"0.11120623911430956","0.11120623911430956","0.02780155977857739","0.02780155977857739","295552",1,NULL,"0.11120623911431","0.0278015597785774","0.11120623911431000000","0.02780155977857740000","124","166","140","0",0,NULL,NULL,NULL,NULL,NULL,NULL,NULL,NULL,NULL,NULL,NULL,NULL,NULL,NULL,NULL,NULL,NULL,NULL,NULL,NULL,NULL,NULL,NULL,NULL,NULL,NULL,NULL,"no",NULL
"09c85f83-317a-401b-aac9-2c5f8811d1e9","0101000020910B00005F6C6DD173AD23410439D088FB735341",NULL,"stream_crossing",NULL,NULL,NULL,NULL,1,"[""01fb000""]","msa","Track",NULL,"MODELLED","ROAD",NULL,NULL,NULL,NULL,NULL,NULL,"0.18875721127327058","0.18875721127327058","0.047189302818317645","0.047189302818317645","249292",1,NULL,"0.188757211273271","0.0471893028183176","0.18875721127327100000","0.04718930281831760000","108","143","121","0",0,NULL,NULL,NULL,NULL,NULL,NULL,NULL,NULL,NULL,NULL,NULL,NULL,NULL,NULL,NULL,NULL,NULL,NULL,NULL,NULL,NULL,NULL,NULL,NULL,NULL,NULL,NULL,"no",NULL
"6e580f8a-7586-4d06-8911-dc931f9cea05","0101000020910B0000723DC1861A992341F31D6C56A7845341",NULL,"stream_crossing",NULL,NULL,NULL,"MacKays Brook",2,"[""01fb000""]","msa","Old Scotsville Rd",NULL,"MODELLED","ROAD",NULL,NULL,NULL,NULL,NULL,NULL,"0","0.2441580182287163","0","0.18311851367153723","629652",2,NULL,"0.244158018228716","0.183118513671537","0.12207900911435800000","0.09155925683576850000","80","69","66","0",0,NULL,NULL,NULL,NULL,NULL,NULL,NULL,NULL,NULL,NULL,NULL,NULL,NULL,NULL,NULL,NULL,NULL,NULL,NULL,NULL,NULL,NULL,NULL,NULL,NULL,NULL,NULL,"no",NULL
"de01900a-6c09-49d7-a7b3-911e914bf462","0101000020910B0000A23E25DFCCDC2341BCD73034FC9B5341",NULL,"stream_crossing",NULL,NULL,NULL,"Shingle Brook",4,"[""01fb000""]","msa",NULL,NULL,"MODELLED","ROAD",NULL,NULL,NULL,NULL,NULL,NULL,"0.09442873349616875","0.42418993696341717","0.07082155012212656","0.15326185098893866","310972",1,NULL,"0.0944287334961687","0.0708215501221266","0.09442873349616870000","0.07082155012212660000","90","81","76","0",0,NULL,NULL,NULL,NULL,NULL,NULL,NULL,NULL,NULL,NULL,NULL,NULL,NULL,NULL,NULL,NULL,NULL,NULL,NULL,NULL,NULL,NULL,NULL,NULL,NULL,NULL,NULL,"no",NULL
"d2080f5b-e472-47b8-8660-c69fcef33bc1","0101000020910B0000C430B3A89DF22341D247215421965341",NULL,"stream_crossing",NULL,NULL,NULL,NULL,1,"[""01fb000""]","msa",NULL,NULL,"MODELLED","ROAD",NULL,NULL,NULL,NULL,NULL,NULL,"0.24393428146069734","0.8970108105338463","0.060983570365174336","0.2242527026334616","195322",3,NULL,"1.18948140273568","0.29737035068392","0.39649380091189333333","0.09912345022797333333","77","47","54","0",1,NULL,NULL,NULL,NULL,NULL,NULL,NULL,NULL,NULL,NULL,NULL,NULL,NULL,NULL,NULL,NULL,NULL,NULL,NULL,NULL,NULL,NULL,NULL,NULL,NULL,NULL,NULL,"no",NULL
"e64d2af9-2a94-439b-8730-b6c6175f0315","0101000020910B00004F5E692E947C2341256254C01B835341",NULL,"stream_crossing",NULL,NULL,NULL,NULL,1,"[""01fb000""]","msa","Driveway",NULL,"MODELLED","ROAD",NULL,NULL,NULL,NULL,NULL,NULL,"0.18150049258582132","0.28151511229550824","0.04537512314645533","0.07037877807387706","257002",1,NULL,"0.181500492585821","0.0453751231464553","0.18150049258582100000","0.04537512314645530000","114","127","115","0",0,NULL,NULL,NULL,NULL,NULL,NULL,NULL,NULL,NULL,NULL,NULL,NULL,NULL,NULL,NULL,NULL,NULL,NULL,NULL,NULL,NULL,NULL,NULL,NULL,NULL,NULL,NULL,"no",NULL
"a1e75c13-bad6-48cc-b8bc-29c2fbb312fc","0101000020910B0000135B6F233F7F23419F06AD1D51835341",NULL,"stream_crossing",NULL,NULL,NULL,NULL,1,"[""01fb000""]","msa","Driveway",NULL,"MODELLED","ROAD",NULL,NULL,NULL,NULL,NULL,NULL,"0.20021306577860315","0.20021306577860315","0.05005326644465079","0.05005326644465079","221023",1,"{221022}","0.200213065778603","0.0500532664446508","0.20021306577860300000","0.05005326644465080000","191","138","166","0",1,NULL,NULL,NULL,NULL,NULL,NULL,NULL,NULL,NULL,NULL,NULL,NULL,NULL,NULL,NULL,NULL,NULL,NULL,NULL,NULL,NULL,NULL,NULL,NULL,NULL,NULL,NULL,"no",NULL
"605e5848-3aac-4157-9e68-03767f65b801","0101000020910B0000FC308DCE98682441D6251BCFD8A05341",NULL,"stream_crossing",NULL,NULL,NULL,NULL,1,"[""01fb000""]","msa",NULL,NULL,"MODELLED","ROAD",NULL,NULL,NULL,NULL,NULL,NULL,"0.03604770938201918","0.03604770938201918","0.009011927345504794","0.009011927345504794","642502",1,"{439472}","0.0360477093820192","0.00901192734550479","0.03604770938201920000","0.00901192734550479000","209","197","203","0",1,NULL,NULL,NULL,NULL,NULL,NULL,NULL,NULL,NULL,NULL,NULL,NULL,NULL,NULL,NULL,NULL,NULL,NULL,NULL,NULL,NULL,NULL,NULL,NULL,NULL,NULL,NULL,"no",NULL
"f80e9ce4-0a30-43bc-9efd-65c69e0c3b31","0101000020910B0000FC5BFB3ABE9C23419A9999393E835341",NULL,"stream_crossing",NULL,NULL,NULL,"Collins Brook",2,"[""01fb000""]","msa","Highway 395",NULL,"MODELLED","ROAD",NULL,NULL,NULL,NULL,NULL,NULL,"0.10253921301827307","0.10253921301827307","0.0769044097637048","0.0769044097637048","300692",1,NULL,"0.102539213018273","0.0769044097637048","0.10253921301827300000","0.07690440976370480000","87","123","96","0",0,NULL,NULL,NULL,NULL,NULL,NULL,NULL,NULL,NULL,NULL,NULL,NULL,NULL,NULL,NULL,NULL,NULL,NULL,NULL,NULL,NULL,NULL,NULL,NULL,NULL,NULL,NULL,"no",NULL
"250d6612-9cc2-407d-b354-144d2b3875fe","0101000020910B0000ADCBA9BE12BE23413D8BDD1DE4955341",NULL,"stream_crossing",NULL,NULL,NULL,NULL,2,"[""01fb000""]","msa",NULL,NULL,"MODELLED","ROAD",NULL,NULL,NULL,NULL,NULL,NULL,"0.21682462864","0.46466568144532994","0.08360283642364386","0.14556309962497635","606522",3,NULL,"0.427174697785969","0.136190353710136","0.14239156592865633333","0.04539678457004533333","113","84","88","0",1,NULL,NULL,NULL,NULL,NULL,NULL,NULL,NULL,NULL,NULL,NULL,NULL,NULL,NULL,NULL,NULL,NULL,NULL,NULL,NULL,NULL,NULL,NULL,NULL,NULL,NULL,NULL,"no",NULL
"decfadfa-91bb-4943-8315-c13f3d8c2eed","0101000020910B00005CD5966BA42124416CA1E654099D5341",NULL,"stream_crossing",NULL,NULL,NULL,NULL,2,"[""01fb000""]","msa","Driveway",NULL,"MODELLED","ROAD",NULL,NULL,NULL,NULL,NULL,NULL,"0","0.17382951886491002","0","0.043457379716227505","647642",2,NULL,"0","0","0.00000000000000000000","0.00000000000000000000","158","148","149","0",1,NULL,NULL,NULL,NULL,NULL,NULL,NULL,NULL,NULL,NULL,NULL,NULL,NULL,NULL,NULL,NULL,NULL,NULL,NULL,NULL,NULL,NULL,NULL,NULL,NULL,NULL,NULL,"no",NULL
"d12a5a36-c6b9-4ff0-ba4e-8349fdcfecc9","0101000020910B0000BD8DC0597EBD234125B02262A4965341",NULL,"stream_crossing",NULL,NULL,NULL,"Basiles Brook",2,"[""01fb000""]","msa","Cabot Trail",NULL,"MODELLED","ROAD",NULL,NULL,NULL,NULL,NULL,NULL,"0.5318423566133055","1.011442501127919","0.39888176745997905","0.7293804704146876","136212",1,NULL,"0.531842356613305","0.398881767459979","0.53184235661330500000","0.39888176745997900000","29","19","25","0",0,NULL,NULL,NULL,NULL,NULL,NULL,NULL,NULL,NULL,NULL,NULL,NULL,NULL,NULL,NULL,NULL,NULL,NULL,NULL,NULL,NULL,NULL,NULL,NULL,NULL,NULL,NULL,"no",NULL
"466a5b3b-6106-48aa-bf47-18cf2c99f188","0101000020910B0000B4C59D9FAB082441EC8AC24D44A75341",NULL,"stream_crossing",NULL,NULL,NULL,"Forest Glen Brook",4,"[""01fb000""]","msa",NULL,NULL,"MODELLED","ROAD",NULL,NULL,NULL,NULL,NULL,NULL,"3.1511984242372355","4.918785592804855","3.010042450732011","3.881136141443172","650213",1,"{650212}","3.15119842423724","3.01004245073201","3.1511984242372400","3.0100424507320100","19","2","9","0",1,"Forest Glen Brook at Unnamed Resource Rd",NULL,NULL,NULL,NULL,NULL,NULL,NULL,NULL,NULL,NULL,NULL,NULL,NULL,NULL,NULL,NULL,NULL,NULL,NULL,NULL,NULL,NULL,NULL,NULL,NULL,NULL,"yes",NULL
"eb1f6b33-ea55-47fd-a8f3-0022e7e3304f","0101000020910B0000FADA5452D75D23414D16D065B17B5341",NULL,"stream_crossing",NULL,NULL,NULL,"Schoolhouse Brook",1,"[""01fb000""]","msa","Hays River Rd",NULL,"MODELLED","ROAD",NULL,NULL,NULL,NULL,NULL,NULL,"0","0.002799017684532382","0","0.0006997544211330955","652782",2,NULL,"0.00279901768453238","0.000699754421133096","0.00139950884226619000","0.00034987721056654800","156","210","192","0",0,NULL,NULL,NULL,NULL,NULL,NULL,NULL,NULL,NULL,NULL,NULL,NULL,NULL,NULL,NULL,NULL,NULL,NULL,NULL,NULL,NULL,NULL,NULL,NULL,NULL,NULL,NULL,"no",NULL
"72fadf25-78f4-44e8-8188-a1a99e2f813c","0101000020910B000084D88173E915244102574DD9AA9F5341",NULL,"stream_crossing",NULL,NULL,NULL,NULL,2,"[""01fb000""]","msa","West Big Intervale Rd",NULL,"MODELLED","ROAD",NULL,NULL,NULL,NULL,NULL,NULL,"0.06232353504457626","0.06232353504457626","0.0467426512834322","0.0467426512834322","344382",1,NULL,"0.0623235350445763","0.0467426512834322","0.06232353504457630000","0.04674265128343220000","111","145","124","0",0,NULL,NULL,NULL,NULL,NULL,NULL,NULL,NULL,NULL,NULL,NULL,NULL,NULL,NULL,NULL,NULL,NULL,NULL,NULL,NULL,NULL,NULL,NULL,NULL,NULL,NULL,NULL,"no",NULL
"719ecdf7-7e68-4528-9da3-14ce0713b68a","0101000020910B0000D512838FFB1A2441FA791546E7A05341",NULL,"stream_crossing",NULL,NULL,NULL,NULL,2,"[""01fb000""]","msa","West Big Intervale Rd",NULL,"MODELLED","ROAD",NULL,NULL,NULL,NULL,NULL,NULL,"0.6551301074370549","0.6551301074370549","0.32271333526347584","0.32271333526347584","239012",2,NULL,"0.868647990243178","0.482851747368068","0.43432399512158900000","0.24142587368403400000","41","28","33","0",1,NULL,NULL,NULL,NULL,NULL,NULL,NULL,NULL,NULL,NULL,NULL,NULL,NULL,NULL,NULL,NULL,NULL,NULL,NULL,NULL,NULL,NULL,NULL,NULL,NULL,NULL,NULL,"no",NULL
"1ca8aea7-5779-483d-84e2-be22be1c5fa8","0101000020910B00003D81DF0804B02341AA7EF1AE6C945341",NULL,"stream_crossing",NULL,NULL,NULL,NULL,2,"[""01fb000""]","msa","Coady Rd",NULL,"MODELLED","ROAD",NULL,NULL,NULL,NULL,NULL,NULL,"0.03065048309742094","0.03065048309742094","0.007662620774355235","0.007662620774355235","380362",1,NULL,"0.0306504830974209","0.00766262077435523","0.03065048309742090000","0.00766262077435523000","146","199","176","0",0,NULL,NULL,NULL,NULL,NULL,NULL,NULL,NULL,NULL,NULL,NULL,NULL,NULL,NULL,NULL,NULL,NULL,NULL,NULL,NULL,NULL,NULL,NULL,NULL,NULL,NULL,NULL,"no",NULL
"a53f5d6e-63ab-401d-b3e5-a08aa3c0a70d","0101000020910B0000A50EB33055472341C53783F3F57E5341",NULL,"stream_crossing",NULL,NULL,NULL,NULL,2,"[""01fb000""]","msa","Blackstone Rd",NULL,"MODELLED","ROAD",NULL,NULL,NULL,NULL,NULL,NULL,"0.15554490527760373","0.15554490527760373","0.096277396661807","0.096277396661807","290412",1,"{164482}","0.155544905277604","0.096277396661807","0.15554490527760400000","0.09627739666180700000","180","110","139","0",1,NULL,NULL,NULL,NULL,NULL,NULL,NULL,NULL,NULL,NULL,NULL,NULL,NULL,NULL,NULL,NULL,NULL,NULL,NULL,NULL,NULL,NULL,NULL,NULL,NULL,NULL,NULL,"no",NULL
"e57ad358-2e73-44af-93a2-f9d36b1a2c8f","0101000020910B0000E03DB5C17DBA23414458C9E790945341",NULL,"stream_crossing",NULL,NULL,NULL,NULL,1,"[""01fb000""]","msa","Driveway",NULL,"MODELLED","ROAD",NULL,NULL,NULL,NULL,NULL,NULL,"0.1084454575005905","0.9814666973454541","0.027111364375147624","0.24536667433636353","354662",4,NULL,"1.02736924352631","0.256842310881577","0.25684231088157750000","0.06421057772039425000","94","52","65","0",1,NULL,NULL,NULL,NULL,NULL,NULL,NULL,NULL,NULL,NULL,NULL,NULL,NULL,NULL,NULL,NULL,NULL,NULL,NULL,NULL,NULL,NULL,NULL,NULL,NULL,NULL,NULL,"no",NULL
"fffe6d71-1b5c-4b16-bd80-e933960e2082","0101000020910B0000D7C500BD24CF234142BF275D85755341",NULL,"stream_crossing",NULL,NULL,NULL,NULL,1,"[""01fb000""]","msa","Track",NULL,"MODELLED","ROAD",NULL,NULL,NULL,NULL,NULL,NULL,"0.20830602576157187","0.20830602576157187","0.05207650644039297","0.05207650644039297","241582",1,NULL,"0.208306025761572","0.052076506440393","0.20830602576157200000","0.05207650644039300000","104","137","114","0",0,NULL,NULL,NULL,NULL,NULL,NULL,NULL,NULL,NULL,NULL,NULL,NULL,NULL,NULL,NULL,NULL,NULL,NULL,NULL,NULL,NULL,NULL,NULL,NULL,NULL,NULL,NULL,"no",NULL
"9d51ccd5-9d7f-4878-ac37-ab21056e741e","0101000020910B0000D1A849BDFCE12341A7E2A6485E9A5341",NULL,"stream_crossing",NULL,NULL,NULL,"Deep Brook",2,"[""01fb000""]","msa","Track",NULL,"MODELLED","ROAD",NULL,NULL,NULL,NULL,NULL,NULL,"0","0.24588191516604005","0","0.06147047879151001","2572",4,NULL,"0.24588191516604","0.06147047879151","0.06147047879151000000","0.01536761969787750000","138","133","127","0",0,NULL,NULL,NULL,NULL,NULL,NULL,NULL,NULL,NULL,NULL,NULL,NULL,NULL,NULL,NULL,NULL,NULL,NULL,NULL,NULL,NULL,NULL,NULL,NULL,NULL,NULL,NULL,"no",NULL
"a96d33e0-515f-4f8c-82ed-ac8c663c2903","0101000020910B0000DBB15A849CFF23419DB6D0D3AD9A5341",NULL,"stream_crossing",NULL,NULL,NULL,NULL,2,"[""01fb000""]","msa","West Big Intervale Rd",NULL,"MODELLED","ROAD",NULL,NULL,NULL,NULL,NULL,NULL,"0.13432297529831844","0.7687432626260343","0.10074223147373883","0.30153041588398755","282702",2,NULL,"0.661960342127226","0.274834685759285","0.33098017106361300000","0.13741734287964250000","64","46","49","0",0,NULL,NULL,NULL,NULL,NULL,NULL,NULL,NULL,NULL,NULL,NULL,NULL,NULL,NULL,NULL,NULL,NULL,NULL,NULL,NULL,NULL,NULL,NULL,NULL,NULL,NULL,NULL,"no",NULL
"c8482026-5f72-485a-ab36-e17087b66f7b","0101000020910B0000747C60D62BC42341E0BABE6E64945341",NULL,"stream_crossing",NULL,NULL,NULL,NULL,1,"[""01fb000""]","msa","East Margaree Rd",NULL,"MODELLED","ROAD",NULL,NULL,NULL,NULL,NULL,NULL,"0.12529792298373846","0.3836331986954796","0.031324480745934614","0.0959082996738699","555124",2,"{555122,555123}","0.260132666960218","0.0650331667400545","0.13006633348010900000","0.03251658337002725000","248","111","188","0",3,NULL,NULL,NULL,NULL,NULL,NULL,NULL,NULL,NULL,NULL,NULL,NULL,NULL,NULL,NULL,NULL,NULL,NULL,NULL,NULL,NULL,NULL,NULL,NULL,NULL,NULL,NULL,"no",NULL
"0d7e5459-7f21-42a9-9cbf-cefa19a967a7","0101000020910B00002A8FF42BD53A2441000000A05AAC5341",NULL,"stream_crossing",NULL,NULL,NULL,NULL,1,"[""01fb000""]","msa",NULL,NULL,"MODELLED","ROAD",NULL,NULL,NULL,NULL,NULL,NULL,"0.6430428483175242","0.6430428483175242","0.16076071207938106","0.16076071207938106","105372",1,NULL,"0.643042848317524","0.160760712079381","0.64304284831752400000","0.16076071207938100000","56","75","57","0",0,NULL,NULL,NULL,NULL,NULL,NULL,NULL,NULL,NULL,NULL,NULL,NULL,NULL,NULL,NULL,NULL,NULL,NULL,NULL,NULL,NULL,NULL,NULL,NULL,NULL,NULL,NULL,"no",NULL
"e1787a2d-380c-4c5f-93a0-44853295322b","0101000020910B000037A2246CED212441CBB8D58B7FA35341",NULL,"stream_crossing",NULL,NULL,NULL,NULL,1,"[""01fb000""]","msa","West Big Intervale Rd",NULL,"MODELLED","ROAD",NULL,NULL,NULL,NULL,NULL,NULL,"0.012762532389265712","0.012762532389265712","0.003190633097316428","0.003190633097316428","395782",1,NULL,"0.0127625323892657","0.00319063309731643","0.01276253238926570000","0.00319063309731643000","150","202","181","0",0,NULL,NULL,NULL,NULL,NULL,NULL,NULL,NULL,NULL,NULL,NULL,NULL,NULL,NULL,NULL,NULL,NULL,NULL,NULL,NULL,NULL,NULL,NULL,NULL,NULL,NULL,NULL,"no",NULL
"5296fe3f-ea03-4dda-8119-ce43a22f22d6","0101000020910B0000425262F886592341EEC0C92C9C7A5341",NULL,"stream_crossing",NULL,NULL,NULL,"Hays River",2,"[""01fb000""]","msa","Meagher Rd",NULL,"MODELLED","ROAD",NULL,NULL,NULL,NULL,NULL,NULL,"0.46417390132804703","0.46417390132804703","0.15417012986025025","0.15417012986025025","151632",1,NULL,"0.464173901328047","0.15417012986025","0.46417390132804700000","0.15417012986025000000","60","80","63","0",0,NULL,NULL,NULL,NULL,NULL,NULL,NULL,NULL,NULL,NULL,NULL,NULL,NULL,NULL,NULL,NULL,NULL,NULL,NULL,NULL,NULL,NULL,NULL,NULL,NULL,NULL,NULL,"no",NULL
"44410e1c-0d9a-490b-92e3-b0bdc084f5b6","0101000020910B0000BB7A6E9A4D9F234118D5B4FDD08D5341",NULL,"stream_crossing",NULL,NULL,NULL,NULL,1,"[""01fb000""]","msa","Driveway",NULL,"MODELLED","ROAD",NULL,NULL,NULL,NULL,NULL,NULL,"0.1406419808681061","0.1406419808681061","0.03516049521702652","0.03516049521702652","10283",1,"{10282}","0.140641980868106","0.0351604952170265","0.14064198086810600000","0.03516049521702650000","200","160","189","0",1,NULL,NULL,NULL,NULL,NULL,NULL,NULL,NULL,NULL,NULL,NULL,NULL,NULL,NULL,NULL,NULL,NULL,NULL,NULL,NULL,NULL,NULL,NULL,NULL,NULL,NULL,NULL,"no",NULL
"40a5b25a-cda9-4add-a7eb-512c4b0ef799","0101000020910B0000F13CEE0F851924412E719539508B5341",NULL,"stream_crossing",NULL,NULL,NULL,NULL,2,"[""01fb000""]","msa","Driveway",NULL,"MODELLED","ROAD",NULL,NULL,NULL,NULL,NULL,NULL,"0.7716446016931635","0.7716446016931635","0.33069845667148035","0.33069845667148035","89952",1,NULL,"0.771644601693164","0.33069845667148","0.77164460169316400000","0.33069845667148000000","34","40","35","0",0,NULL,NULL,NULL,NULL,NULL,NULL,NULL,NULL,NULL,NULL,NULL,NULL,NULL,NULL,NULL,NULL,NULL,NULL,NULL,NULL,NULL,NULL,NULL,NULL,NULL,NULL,NULL,"no",NULL
"53b6caac-58c9-4125-b7d9-39b4e2d955f1","0101000020910B00002A70DDAE6B702341C48D0CDFB8835341",NULL,"stream_crossing",NULL,NULL,NULL,"Camerons Brook",3,"[""01fb000""]","msa","Strathlorne-Scotsville Rd",NULL,"MODELLED","ROAD",NULL,NULL,NULL,NULL,NULL,NULL,"0.2629294568097768","0.2629294568097768","0.2629294568097768","0.2629294568097768","218452",1,NULL,"0.262929456809777","0.262929456809777","0.26292945680977700000","0.26292945680977700000","39","51","39","0",0,NULL,NULL,NULL,NULL,NULL,NULL,NULL,NULL,NULL,NULL,NULL,NULL,NULL,NULL,NULL,NULL,NULL,NULL,NULL,NULL,NULL,NULL,NULL,NULL,NULL,NULL,NULL,"no",NULL
"6f60e510-0276-4b77-b290-cd08b878aed8","0101000020910B00006D9820F46C222441F7B1700C089D5341",NULL,"stream_crossing",NULL,NULL,NULL,NULL,2,"[""01fb000""]","msa","East Big Intervale Rd",NULL,"MODELLED","ROAD",NULL,NULL,NULL,NULL,NULL,NULL,"0","0.17382951886491002","0","0.043457379716227505","647642",2,NULL,"0","0","0.00000000000000000000","0.00000000000000000000","158","148","149","0",0,NULL,NULL,NULL,NULL,NULL,NULL,NULL,NULL,NULL,NULL,NULL,NULL,NULL,NULL,NULL,NULL,NULL,NULL,NULL,NULL,NULL,NULL,NULL,NULL,NULL,NULL,NULL,"no",NULL
"7da76a30-12cc-44f8-a8e3-6150b0916947","0101000020910B0000C41976FC0DA42341055FD2102A935341",NULL,"stream_crossing",NULL,NULL,NULL,"Francis Coadys Brook",2,"[""01fb000""]","msa","Dryweather",NULL,"MODELLED","ROAD",NULL,NULL,NULL,NULL,NULL,NULL,"0.6164408404538353","0.6164408404538353","0.4222147154253274","0.4222147154253274","115652",1,NULL,"0.616440840453835","0.422214715425327","0.61644084045383500000","0.42221471542532700000","27","32","29","0",0,NULL,NULL,NULL,NULL,NULL,NULL,NULL,NULL,NULL,NULL,NULL,NULL,NULL,NULL,NULL,NULL,NULL,NULL,NULL,NULL,NULL,NULL,NULL,NULL,NULL,NULL,NULL,"no",NULL
"2a9c50cf-a3be-4f9e-81c8-e804e9892b79","0101000020910B000059A7387BBB7723416DB4527E8B875341",NULL,"stream_crossing",NULL,NULL,NULL,"Paisela Brook",1,"[""01fb000""]","msa","Dryweather",NULL,"MODELLED","ROAD",NULL,NULL,NULL,NULL,NULL,NULL,"0.0403208986860325","0.0403208986860325","0.010080224671508126","0.010080224671508126","364942",1,NULL,"0.0403208986860325","0.0100802246715081","0.04032089868603250000","0.01008022467150810000","143","193","172","0",0,NULL,NULL,NULL,NULL,NULL,NULL,NULL,NULL,NULL,NULL,NULL,NULL,NULL,NULL,NULL,NULL,NULL,NULL,NULL,NULL,NULL,NULL,NULL,NULL,NULL,NULL,NULL,"no",NULL
"2227fbda-1767-4123-87ee-87df6254bdd5","0101000020910B0000DF3B0CBF03FE234103164C7907A85341",NULL,"stream_crossing",NULL,NULL,NULL,NULL,2,"[""01fb000""]","msa","Track",NULL,"MODELLED","ROAD",NULL,NULL,NULL,NULL,NULL,NULL,"0.33876103180040446","0.33876103180040446","0.21796474202478258","0.21796474202478258","23132",1,"{650212,650213}","0.338761031800404","0.217964742024783","0.33876103180040400000","0.21796474202478300000","220","57","133","0",2,NULL,NULL,NULL,NULL,NULL,NULL,NULL,NULL,NULL,NULL,NULL,NULL,NULL,NULL,NULL,NULL,NULL,NULL,NULL,NULL,NULL,NULL,NULL,NULL,NULL,NULL,NULL,"no",NULL
"b4fe49f5-e715-4953-ae32-48a99dac641a","0101000020910B000017F4F74524E423413F052A61DA7C5341",NULL,"stream_crossing",NULL,NULL,NULL,NULL,1,"[""01fb000""]","msa","Track",NULL,"MODELLED","ROAD",NULL,NULL,NULL,NULL,NULL,NULL,"0.4569392451234658","0.4569392451234658","0.11423481128086645","0.11423481128086645","154202",1,NULL,"0.456939245123466","0.114234811280866","0.45693924512346600000","0.11423481128086600000","71","100","75","0",0,NULL,NULL,NULL,NULL,NULL,NULL,NULL,NULL,NULL,NULL,NULL,NULL,NULL,NULL,NULL,NULL,NULL,NULL,NULL,NULL,NULL,NULL,NULL,NULL,NULL,NULL,NULL,"no",NULL
"78c6af73-4ab4-4704-b0b0-be7d9e47fe9a","0101000020910B000061ED9AD7E8B023412A6004D5AB915341",NULL,"stream_crossing",NULL,NULL,NULL,"William Donalds Brook",1,"[""01fb000""]","msa","Track",NULL,"MODELLED","ROAD",NULL,NULL,NULL,NULL,NULL,NULL,"0.06947973030364732","0.06947973030364732","0.01736993257591183","0.01736993257591183","490874",1,"{490872,490873}","0.0694797303036473","0.0173699325759118","0.06947973030364730000","0.01736993257591180000","257","182","212","0",5,NULL,NULL,NULL,NULL,NULL,NULL,NULL,NULL,NULL,NULL,NULL,NULL,NULL,NULL,NULL,NULL,NULL,NULL,NULL,NULL,NULL,NULL,NULL,NULL,NULL,NULL,NULL,"no",NULL
"0585957f-07e3-4312-9173-fe3fc0f85935","0101000020910B0000A48F6005E1312441E4A8748B40AF5341",NULL,"stream_crossing",NULL,NULL,NULL,NULL,1,"[""01fb000""]","msa",NULL,NULL,"MODELLED","ROAD",NULL,NULL,NULL,NULL,NULL,NULL,"0.09228821607542055","0.09228821607542055","0.023072054018855138","0.023072054018855138","313542",1,NULL,"0.0922882160754206","0.0230720540188551","0.09228821607542060000","0.02307205401885510000","126","172","143","0",0,NULL,NULL,NULL,NULL,NULL,NULL,NULL,NULL,NULL,NULL,NULL,NULL,NULL,NULL,NULL,NULL,NULL,NULL,NULL,NULL,NULL,NULL,NULL,NULL,NULL,NULL,NULL,"no",NULL
"7d87ea48-ef14-4c1b-b592-37ecbbaea79b","0101000020910B00006F6DD507A7422341A4234ADDF87D5341",NULL,"stream_crossing",NULL,NULL,NULL,NULL,2,"[""01fb000""]","msa",NULL,NULL,"MODELLED","ROAD",NULL,NULL,NULL,NULL,NULL,NULL,"0.40610860417411815","0.40610860417411815","0.12868632281627304","0.12868632281627304","233872",1,"{164482}","0.406108604174118","0.128686322816273","0.40610860417411800000","0.12868632281627300000","223","93","157","0",2,NULL,NULL,NULL,NULL,NULL,NULL,NULL,NULL,NULL,NULL,NULL,NULL,NULL,NULL,NULL,NULL,NULL,NULL,NULL,NULL,NULL,NULL,NULL,NULL,NULL,NULL,NULL,"no",NULL
"27d6f860-843f-45e0-92c2-c03d3abd6741","0101000020910B00007E8A65D77CDD23414C1E8D8B08935341",NULL,"stream_crossing",NULL,NULL,NULL,NULL,1,"[""01fb000""]","msa","Cabot Trail",NULL,"MODELLED","ROAD",NULL,NULL,NULL,NULL,NULL,NULL,"0.05357637348275767","0.05357637348275767","0.013394093370689418","0.013394093370689418","346952",1,NULL,"0.0535763734827577","0.0133940933706894","0.05357637348275770000","0.01339409337068940000","139","188","164","0",0,NULL,NULL,NULL,NULL,NULL,NULL,NULL,NULL,NULL,NULL,NULL,NULL,NULL,NULL,NULL,NULL,NULL,NULL,NULL,NULL,NULL,NULL,NULL,NULL,NULL,NULL,NULL,"no",NULL
"f68672ef-20ff-4816-bc16-de2e7ddd8d33","0101000020910B0000C2C263CCB311244114E09FB2BFA85341",NULL,"stream_crossing",NULL,NULL,NULL,NULL,1,"[""01fb000""]","msa","Track",NULL,"MODELLED","ROAD",NULL,NULL,NULL,NULL,NULL,NULL,"0.43265381633575084","0.43265381633575084","0.10816345408393771","0.10816345408393771","416342",1,"{650212,650213}","0.432653816335751","0.108163454083938","0.43265381633575100000","0.10816345408393800000","225","103","165","0",2,NULL,NULL,NULL,NULL,NULL,NULL,NULL,NULL,NULL,NULL,NULL,NULL,NULL,NULL,NULL,NULL,NULL,NULL,NULL,NULL,NULL,NULL,NULL,NULL,NULL,NULL,NULL,"no",NULL
"c1f9cc20-f349-492e-8f94-2b09e3bd38df","0101000020910B000084A85EAE10852341B833F85B1B855341",NULL,"stream_crossing",NULL,NULL,NULL,"Dunbar Brook",1,"[""01fb000""]","msa","Track",NULL,"MODELLED","ROAD",NULL,NULL,NULL,NULL,NULL,NULL,"0","0.00415055038594835","0","0.0010376375964870875","246723",4,"{246722}","0.00415055038594835","0.00103763759648709","0.00103763759648708750","0.00025940939912177250","213","208","208","0",2,NULL,NULL,NULL,NULL,NULL,NULL,NULL,NULL,NULL,NULL,NULL,NULL,NULL,NULL,NULL,NULL,NULL,NULL,NULL,NULL,NULL,NULL,NULL,NULL,NULL,NULL,NULL,"no",NULL
"4f9ca3a4-c22a-4cc0-b2dd-24c7abdcaa8f","0101000020910B00009CE37E0622E2234162CDC12B1E975341",NULL,"stream_crossing",NULL,NULL,NULL,"Marsh Brook",1,"[""01fb000""]","msa","Track",NULL,"MODELLED","ROAD",NULL,NULL,NULL,NULL,NULL,NULL,"0.12280115626784607","0.40247482436131826","0.03070028906696152","0.10061870609032957","287842",2,NULL,"0.402474824361318","0.10061870609033","0.20123741218065900000","0.05030935304516500000","105","107","97","0",0,NULL,NULL,NULL,NULL,NULL,NULL,NULL,NULL,NULL,NULL,NULL,NULL,NULL,NULL,NULL,NULL,NULL,NULL,NULL,NULL,NULL,NULL,NULL,NULL,NULL,NULL,NULL,"no",NULL
"fde177eb-3b58-442e-919c-b05eee6f9de2","0101000020910B000041E7052EB8E523411E653E58FC885341",NULL,"stream_crossing",NULL,NULL,NULL,"Mount Pleasant Brook",2,"[""01fb000""]","msa",NULL,NULL,"MODELLED","ROAD",NULL,NULL,NULL,NULL,NULL,NULL,"2.718825107011558","2.718825107011558","1.244615689416243","1.244615689416243","35982",1,NULL,"2.71882510701156","1.24461568941624","2.7188251070115600","1.24461568941624000000","5","9","5","0",0,"Mount Pleasant Brook at Unnamed Resource Rd",NULL,NULL,NULL,NULL,NULL,NULL,NULL,NULL,NULL,NULL,NULL,NULL,NULL,NULL,NULL,NULL,NULL,NULL,NULL,NULL,NULL,NULL,NULL,NULL,NULL,NULL,"yes",NULL
"2757e806-88de-4f39-871f-911d7c6bcd1b","0101000020910B00007F8544E9D53524411EF4137A56AD5341",NULL,"stream_crossing",NULL,NULL,NULL,NULL,2,"[""01fb000""]","msa",NULL,NULL,"MODELLED","ROAD",NULL,NULL,NULL,NULL,NULL,NULL,"0.021497277441043103","0.021497277441043103","0.016122958080782325","0.016122958080782325","388072",1,NULL,"0.0214972774410431","0.0161229580807823","0.02149727744104310000","0.01612295808078230000","136","185","160","0",0,NULL,NULL,NULL,NULL,NULL,NULL,NULL,NULL,NULL,NULL,NULL,NULL,NULL,NULL,NULL,NULL,NULL,NULL,NULL,NULL,NULL,NULL,NULL,NULL,NULL,NULL,NULL,"no",NULL
"1c13518c-e5be-4fed-9006-89aa54e7a36f","0101000020910B0000AEAACDDD2EB6234159616A1D85935341",NULL,"stream_crossing",NULL,NULL,NULL,"William Donalds Brook",2,"[""01fb000""]","msa","Highway 19",NULL,"MODELLED","ROAD",NULL,NULL,NULL,NULL,NULL,NULL,"0.7543025584050377","3.0341786200581926","0.5657269188037783","1.3792001663243683","490872",4,NULL,"3.02614923278484","1.82710636848807","0.75653730819621000000","0.45677659212201750000","23","7","16","0",2,"William Donalds Brook at HW 19 - 3",NULL,NULL,NULL,NULL,NULL,NULL,NULL,NULL,NULL,NULL,NULL,NULL,NULL,NULL,NULL,NULL,NULL,NULL,NULL,NULL,NULL,NULL,NULL,NULL,NULL,NULL,"yes",NULL
"99639ea4-3fc7-40e5-b360-dc23c52128eb","0101000020910B000077950EEAFCBA234197BCFFCB4A755341",NULL,"stream_crossing",NULL,NULL,NULL,NULL,1,"[""01fb000""]","msa","Lewis Mountain Rd",NULL,"MODELLED","ROAD",NULL,NULL,NULL,NULL,NULL,NULL,"0.18685821698389296","0.18685821698389296","0.04671455424597324","0.04671455424597324","251862",1,NULL,"0.186858216983893","0.0467145542459732","0.18685821698389300000","0.04671455424597320000","112","146","125","0",0,NULL,NULL,NULL,NULL,NULL,NULL,NULL,NULL,NULL,NULL,NULL,NULL,NULL,NULL,NULL,NULL,NULL,NULL,NULL,NULL,NULL,NULL,NULL,NULL,NULL,NULL,NULL,"no",NULL
"de3c5c3d-ccfc-4329-a80a-76fb7356e0f3","0101000020910B00005AF163BEC80424418B19A53E10A85341",NULL,"stream_crossing",NULL,NULL,NULL,NULL,2,"[""01fb000""]","msa","Track",NULL,"MODELLED","ROAD",NULL,NULL,NULL,NULL,NULL,NULL,"0.17751275494087848","0.17751275494087848","0.13313456620565886","0.13313456620565886","429192",1,"{650212,650213}","0.177512754940878","0.133134566205659","0.17751275494087800000","0.13313456620565900000","222","89","153","0",2,NULL,NULL,NULL,NULL,NULL,NULL,NULL,NULL,NULL,NULL,NULL,NULL,NULL,NULL,NULL,NULL,NULL,NULL,NULL,NULL,NULL,NULL,NULL,NULL,NULL,NULL,NULL,"no",NULL
"82ea10d8-66cf-42d6-b882-4e9628b2bbc1","0101000020910B0000294F6B04443E244188CD54E1BD955341",NULL,"stream_crossing",NULL,NULL,NULL,NULL,1,"[""01fb000""]","msa","Track",NULL,"MODELLED","ROAD",NULL,NULL,NULL,NULL,NULL,NULL,"0.26798113785251715","0.26798113785251715","0.06699528446312929","0.06699528446312929","210742",1,NULL,"0.267981137852517","0.0669952844631293","0.26798113785251700000","0.06699528446312930000","93","131","107","0",0,NULL,NULL,NULL,NULL,NULL,NULL,NULL,NULL,NULL,NULL,NULL,NULL,NULL,NULL,NULL,NULL,NULL,NULL,NULL,NULL,NULL,NULL,NULL,NULL,NULL,NULL,NULL,"no",NULL
"95706a21-906a-4348-8177-c433e4d311e9","0101000020910B00009168944176922341DC1AA2A6E68E5341",NULL,"stream_crossing",NULL,NULL,NULL,NULL,2,"[""01fb000""]","msa","Highway 19",NULL,"MODELLED","ROAD",NULL,NULL,NULL,NULL,NULL,NULL,"0.09729702291879717","0.09729702291879717","0.07297276718909788","0.07297276718909788","303262",1,NULL,"0.0972970229187972","0.0729727671890979","0.09729702291879720000","0.07297276718909790000","88","124","98","0",0,NULL,NULL,NULL,NULL,NULL,NULL,NULL,NULL,NULL,NULL,NULL,NULL,NULL,NULL,NULL,NULL,NULL,NULL,NULL,NULL,NULL,NULL,NULL,NULL,NULL,NULL,NULL,"no",NULL
"34944b6e-537d-4944-9eaa-83e7928d4e97","0101000020910B0000A31A2F73D680244112834C2747AC5341",NULL,"stream_crossing",NULL,NULL,NULL,"Calumruadh Brook",1,"[""01fb000""]","msa","Track",NULL,"MODELLED","ROAD",NULL,NULL,NULL,NULL,NULL,NULL,"0.4490732278486367","0.4490732278486367","0.11226830696215917","0.11226830696215917","434332",2,NULL,"0.486691654774587","0.121672913693647","0.24334582738729350000","0.06083645684682350000","99","96","84","0",1,NULL,NULL,NULL,NULL,NULL,NULL,NULL,NULL,NULL,NULL,NULL,NULL,NULL,NULL,NULL,NULL,NULL,NULL,NULL,NULL,NULL,NULL,NULL,NULL,NULL,NULL,NULL,"no",NULL
"f5ddde80-37ff-42a9-bc5b-f580489095fa","0101000020910B0000AE06BB9FE4CD234143FC9B334B9B5341",NULL,"stream_crossing",NULL,NULL,NULL,NULL,2,"[""01fb000""]","msa",NULL,NULL,"MODELLED","ROAD",NULL,NULL,NULL,NULL,NULL,NULL,"0.47115768152092563","0.47115768152092563","0.23765418778021125","0.23765418778021125","542272",3,NULL,"0.471157681520926","0.237654187780211","0.15705256050697533333","0.07921806259340366667","84","54","62","0",2,NULL,NULL,NULL,NULL,NULL,NULL,NULL,NULL,NULL,NULL,NULL,NULL,NULL,NULL,NULL,NULL,NULL,NULL,NULL,NULL,NULL,NULL,NULL,NULL,NULL,NULL,NULL,"no",NULL
"46cfb743-07d0-434a-a9d9-17ad246e0aef","0101000020910B0000FE042A7F3ED92341C8DF3E1403985341",NULL,"stream_crossing",NULL,NULL,NULL,NULL,1,"[""01fb000""]","msa",NULL,NULL,"MODELLED","ROAD",NULL,NULL,NULL,NULL,NULL,NULL,"0.4269949392099527","0.4269949392099527","0.10674873480248817","0.10674873480248817","161912",1,NULL,"0.426994939209953","0.106748734802488","0.42699493920995300000","0.10674873480248800000","73","104","78","0",0,NULL,NULL,NULL,NULL,NULL,NULL,NULL,NULL,NULL,NULL,NULL,NULL,NULL,NULL,NULL,NULL,NULL,NULL,NULL,NULL,NULL,NULL,NULL,NULL,NULL,NULL,NULL,"no",NULL
"682d216d-df71-4c83-86e9-e2390aa40468","0101000020910B00006DC696CA0BE723418DE64C92FF925341",NULL,"stream_crossing",NULL,NULL,NULL,NULL,1,"[""01fb000""]","msa","Track",NULL,"MODELLED","ROAD",NULL,NULL,NULL,NULL,NULL,NULL,"0.9858184548498573","0.9858184548498573","0.24645461371246433","0.24645461371246433","69392",1,NULL,"0.985818454849857","0.246454613712464","0.98581845484985700000","0.24645461371246400000","40","53","41","0",0,NULL,NULL,NULL,NULL,NULL,NULL,NULL,NULL,NULL,NULL,NULL,NULL,NULL,NULL,NULL,NULL,NULL,NULL,NULL,NULL,NULL,NULL,NULL,NULL,NULL,NULL,NULL,"no",NULL
"c218d292-0be0-4ddb-aa18-70c7159980b4","0101000020910B00001FCE7C6251AD2341F4A080A2C18A5341",NULL,"stream_crossing",NULL,NULL,NULL,NULL,1,"[""01fb000""]","msa","MacFarlane Rd",NULL,"MODELLED","ROAD",NULL,NULL,NULL,NULL,NULL,NULL,"0","0.003473026724150297","0","0.0008682566810375743","408633",2,"{408632}","0.0034730267241503","0.000868256681037574","0.00173651336207515000","0.00043412834051878700","211","209","206","0",1,NULL,NULL,NULL,NULL,NULL,NULL,NULL,NULL,NULL,NULL,NULL,NULL,NULL,NULL,NULL,NULL,NULL,NULL,NULL,NULL,NULL,NULL,NULL,NULL,NULL,NULL,NULL,"no",NULL
"b8d6e58f-0af1-44f7-9e2f-584380dfdb92","0101000020910B0000BFF31CF334F323410B4D3DF0B2905341",NULL,"stream_crossing",NULL,NULL,NULL,NULL,1,"[""01fb000""]","msa","Trail",NULL,"MODELLED","TRAIL",NULL,NULL,NULL,NULL,NULL,NULL,"0.6265138300558939","0.7102599636221846","0.15662845751397347","0.17756499090554614","444613",1,"{444612}","0.626513830055894","0.156628457513973","0.62651383005589400000","0.15662845751397300000","170","72","116","0",1,NULL,NULL,NULL,NULL,NULL,NULL,NULL,NULL,NULL,NULL,NULL,NULL,NULL,NULL,NULL,NULL,NULL,NULL,NULL,NULL,NULL,NULL,NULL,NULL,NULL,NULL,NULL,"no",NULL
"75564592-962c-42f6-8308-be9b12e92317","0101000020910B0000A087E828578324413FF175E4B1AE5341",NULL,"stream_crossing",NULL,NULL,NULL,"Northeast Margaree River",2,"[""01fb000""]","msa",NULL,NULL,"MODELLED","ROAD",NULL,NULL,NULL,NULL,NULL,NULL,"1.9688976473583446","1.9688976473583446","0.6934568317388076","0.6934568317388076","41122",1,NULL,"1.96889764735834","0.693456831738808","1.96889764735834000000","0.69345683173880800000","11","22","17","0",0,"NE Margaree River at Unpaved Rd - 2",NULL,NULL,NULL,NULL,NULL,NULL,NULL,NULL,NULL,NULL,NULL,NULL,NULL,NULL,NULL,NULL,NULL,NULL,NULL,NULL,NULL,NULL,NULL,NULL,NULL,NULL,"yes",NULL
"fa10a2be-6470-4a1d-bf2c-a4bb3ecaba30","0101000020910B0000AFAA4B6C9A2D2441DC8EFC7E5FA15341",NULL,"stream_crossing",NULL,NULL,NULL,"MacKenzies Brook",3,"[""01fb000""]","msa","Track",NULL,"MODELLED","ROAD",NULL,NULL,NULL,NULL,NULL,NULL,"0.04875756279272621","0.04875756279272621","0.04875756279272621","0.04875756279272621","352092",1,NULL,"0.0487575627927262","0.0487575627927262","0.04875756279272620000","0.04875756279272620000","106","139","118","0",0,NULL,NULL,NULL,NULL,NULL,NULL,NULL,NULL,NULL,NULL,NULL,NULL,NULL,NULL,NULL,NULL,NULL,NULL,NULL,NULL,NULL,NULL,NULL,NULL,NULL,NULL,NULL,"no",NULL
"5e7cbfe5-7028-4796-a70f-6ae9b8b2f255","0101000020910B0000695992038E5F2441292C04E0A5B05341",NULL,"stream_crossing",NULL,NULL,NULL,NULL,1,"[""01fb000""]","msa",NULL,NULL,"MODELLED","ROAD",NULL,NULL,NULL,NULL,NULL,NULL,"0.09760744881780353","0.09760744881780353","0.024401862204450883","0.024401862204450883","305832",1,NULL,"0.0976074488178035","0.0244018622044509","0.09760744881780350000","0.02440186220445090000","125","171","142","0",0,NULL,NULL,NULL,NULL,NULL,NULL,NULL,NULL,NULL,NULL,NULL,NULL,NULL,NULL,NULL,NULL,NULL,NULL,NULL,NULL,NULL,NULL,NULL,NULL,NULL,NULL,NULL,"no",NULL
"c671ccc7-c497-4348-91c3-8b26289a90e1","0101000020910B00009CB0B4EDAB7E234174696A088C825341",NULL,"stream_crossing",NULL,NULL,NULL,NULL,1,"[""01fb000""]","msa","Track",NULL,"MODELLED","ROAD",NULL,NULL,NULL,NULL,NULL,NULL,"0","0.15743089365233537","0","0.03935772341308384","447182",3,NULL,"0.157430893652335","0.0393577234130838","0.05247696455077833333","0.01311924113769460000","140","155","141","0",0,NULL,NULL,NULL,NULL,NULL,NULL,NULL,NULL,NULL,NULL,NULL,NULL,NULL,NULL,NULL,NULL,NULL,NULL,NULL,NULL,NULL,NULL,NULL,NULL,NULL,NULL,NULL,"no",NULL
"674b40f8-116a-412f-8772-c90c83418a47","0101000020910B00004EF1B38E38F12341F63A4B4C0B955341",NULL,"stream_crossing",NULL,NULL,NULL,NULL,1,"[""01fb000""]","msa","Track",NULL,"MODELLED","ROAD",NULL,NULL,NULL,NULL,NULL,NULL,"0.39774648883062463","0.39823047251837446","0.09943662220765616","0.09955761812959361","167052",1,NULL,"0.397746488830625","0.0994366222076562","0.39774648883062500000","0.09943662220765620000","75","108","80","0",0,NULL,NULL,NULL,NULL,NULL,NULL,NULL,NULL,NULL,NULL,NULL,NULL,NULL,NULL,NULL,NULL,NULL,NULL,NULL,NULL,NULL,NULL,NULL,NULL,NULL,NULL,NULL,"no",NULL
"8939038f-db1f-4869-990e-c6b3f83164bd","0101000020910B000042493FB34A66244141CBBC779CB05341",NULL,"stream_crossing",NULL,NULL,NULL,NULL,1,"[""01fb000""]","msa",NULL,NULL,"MODELLED","ROAD",NULL,NULL,NULL,NULL,NULL,NULL,"0.006747896239671816","0.006747896239671816","0.001686974059917954","0.001686974059917954","400922",1,NULL,"0.00674789623967182","0.00168697405991795","0.00674789623967182000","0.00168697405991795000","152","205","184","0",0,NULL,NULL,NULL,NULL,NULL,NULL,NULL,NULL,NULL,NULL,NULL,NULL,NULL,NULL,NULL,NULL,NULL,NULL,NULL,NULL,NULL,NULL,NULL,NULL,NULL,NULL,NULL,"no",NULL
"2f4b4e0b-ebb7-4d64-a762-f04eb82d544b","0101000020910B000091EC4F8FEE8623414593F7BF6E7B5341",NULL,"stream_crossing",NULL,NULL,NULL,NULL,1,"[""01fb000""]","msa","Driveway",NULL,"MODELLED","ROAD",NULL,NULL,NULL,NULL,NULL,NULL,"0.6396697876261085","0.6396697876261085","0.15991744690652712","0.15991744690652712","452323",1,"{452322}","0.639669787626108","0.159917446906527","0.63966978762610800000","0.15991744690652700000","169","77","119","0",1,NULL,NULL,NULL,NULL,NULL,NULL,NULL,NULL,NULL,NULL,NULL,NULL,NULL,NULL,NULL,NULL,NULL,NULL,NULL,NULL,NULL,NULL,NULL,NULL,NULL,NULL,NULL,"no",NULL
"e9ec7345-7c33-42e7-a247-bd98d05e94df","0101000020910B000063ED2186C7C2234175770AFEC4945341",NULL,"stream_crossing",NULL,NULL,NULL,NULL,1,"[""01fb000""]","msa","Track",NULL,"MODELLED","ROAD",NULL,NULL,NULL,NULL,NULL,NULL,"0.44920587771918935","0.8328390764146689","0.11230146942979734","0.20820976910366723","555123",2,"{555122}","0.875561884025481","0.21889047100637","0.43778094201274050000","0.10944523550318500000","175","43","101","0",2,NULL,NULL,NULL,NULL,NULL,NULL,NULL,NULL,NULL,NULL,NULL,NULL,NULL,NULL,NULL,NULL,NULL,NULL,NULL,NULL,NULL,NULL,NULL,NULL,NULL,NULL,NULL,"no",NULL
"585cead6-ab75-4512-8b9a-d042de2f3efc","0101000020910B0000D0FD38B7FE432441D35B19148D9F5341",NULL,"stream_crossing",NULL,NULL,NULL,NULL,1,"[""01fb000""]","msa",NULL,NULL,"MODELLED","ROAD",NULL,NULL,NULL,NULL,NULL,NULL,"0.06264519357830893","0.06264519357830893","0.015661298394577233","0.015661298394577233","341812",1,NULL,"0.0626451935783089","0.0156612983945772","0.06264519357830890000","0.01566129839457720000","137","186","161","0",0,NULL,NULL,NULL,NULL,NULL,NULL,NULL,NULL,NULL,NULL,NULL,NULL,NULL,NULL,NULL,NULL,NULL,NULL,NULL,NULL,NULL,NULL,NULL,NULL,NULL,NULL,NULL,"no",NULL
"ae712cd7-ad15-4b00-9c56-36b3ff64e332","0101000020910B000001E2926A85F123416BD2CA0B38905341",NULL,"stream_crossing",NULL,NULL,NULL,NULL,1,"[""01fb000""]","msa","Stubbard Rd",NULL,"MODELLED","ROAD",NULL,NULL,NULL,NULL,NULL,NULL,"0.0837461335662907","0.0837461335662907","0.020936533391572674","0.020936533391572674","444614",1,"{444612,444613}","0.0837461335662907","0.0209365333915727","0.08374613356629070000","0.02093653339157270000","237","176","204","0",2,NULL,NULL,NULL,NULL,NULL,NULL,NULL,NULL,NULL,NULL,NULL,NULL,NULL,NULL,NULL,NULL,NULL,NULL,NULL,NULL,NULL,NULL,NULL,NULL,NULL,NULL,NULL,"no",NULL
"9218521e-4622-4f48-bbe3-df913a8230e1","0101000020910B00000854DB9EA3AD2341AA631868BD8A5341",NULL,"stream_crossing",NULL,NULL,NULL,NULL,1,"[""01fb000""]","msa","MacFarlane Rd",NULL,"MODELLED","ROAD",NULL,NULL,NULL,NULL,NULL,NULL,"0.003473026724150297","0.003473026724150297","0.0008682566810375743","0.0008682566810375743","408633",2,"{408632}","0.0034730267241503","0.000868256681037574","0.00173651336207515000","0.00043412834051878700","211","209","206","0",2,NULL,NULL,NULL,NULL,NULL,NULL,NULL,NULL,NULL,NULL,NULL,NULL,NULL,NULL,NULL,NULL,NULL,NULL,NULL,NULL,NULL,NULL,NULL,NULL,NULL,NULL,NULL,"no",NULL
"1ca3b2ac-22ce-4d54-9b8a-f70b55265607","0101000020910B0000C92C33B6D90924412D33B669D6905341",NULL,"stream_crossing",NULL,NULL,NULL,NULL,1,"[""01fb000""]","msa","Track",NULL,"MODELLED","ROAD",NULL,NULL,NULL,NULL,NULL,NULL,"0.7596519844347732","0.7596519844347732","0.1899129961086933","0.1899129961086933","95092",1,NULL,"0.759651984434773","0.189912996108693","0.75965198443477300000","0.18991299610869300000","50","66","51","0",0,NULL,NULL,NULL,NULL,NULL,NULL,NULL,NULL,NULL,NULL,NULL,NULL,NULL,NULL,NULL,NULL,NULL,NULL,NULL,NULL,NULL,NULL,NULL,NULL,NULL,NULL,NULL,"no",NULL
"d2306fab-cfac-42da-93e5-caef04c6b6bd","0101000020910B0000D4CC0533B14F24410828B0E6FF9F5341",NULL,"stream_crossing",NULL,NULL,NULL,NULL,1,"[""01fb000""]","msa","Track",NULL,"MODELLED","ROAD",NULL,NULL,NULL,NULL,NULL,NULL,"0.07624643438261787","0.07624643438261787","0.019061608595654467","0.019061608595654467","331532",1,NULL,"0.0762464343826179","0.0190616085956545","0.07624643438261790000","0.01906160859565450000","132","178","152","0",0,NULL,NULL,NULL,NULL,NULL,NULL,NULL,NULL,NULL,NULL,NULL,NULL,NULL,NULL,NULL,NULL,NULL,NULL,NULL,NULL,NULL,NULL,NULL,NULL,NULL,NULL,NULL,"no",NULL
"e75363c9-af4e-402e-bcb9-80696fc3e51f","0101000020910B0000067464508FFE234179204FB7359A5341",NULL,"stream_crossing",NULL,NULL,NULL,NULL,1,"[""01fb000""]","msa","Driveway",NULL,"MODELLED","ROAD",NULL,NULL,NULL,NULL,NULL,NULL,"0.27948777431187133","0.27948777431187133","0.06987194357796783","0.06987194357796783","205602",1,NULL,"0.279487774311871","0.0698719435779678","0.27948777431187100000","0.06987194357796780000","91","128","103","0",0,NULL,NULL,NULL,NULL,NULL,NULL,NULL,NULL,NULL,NULL,NULL,NULL,NULL,NULL,NULL,NULL,NULL,NULL,NULL,NULL,NULL,NULL,NULL,NULL,NULL,NULL,NULL,"no",NULL
"41072e7d-5171-4fb2-930f-27fdf9fbf89d","0101000020910B0000463F76B1907223410DC3D8C8AD825341",NULL,"stream_crossing",NULL,NULL,NULL,NULL,1,"[""01fb000""]","msa","Track",NULL,"MODELLED","ROAD",NULL,NULL,NULL,NULL,NULL,NULL,"0.7424835687827204","0.7424835687827204","0.1856208921956801","0.1856208921956801","100232",1,NULL,"0.74248356878272","0.18562089219568","0.74248356878272000000","0.18562089219568000000","52","68","53","0",0,NULL,NULL,NULL,NULL,NULL,NULL,NULL,NULL,NULL,NULL,NULL,NULL,NULL,NULL,NULL,NULL,NULL,NULL,NULL,NULL,NULL,NULL,NULL,NULL,NULL,NULL,NULL,"no",NULL
"49e78be8-bc8d-4743-aaf4-4c5731e57eac","0101000020910B0000BC8AF575FF1A2441EFE3CD2BB3A05341",NULL,"stream_crossing",NULL,NULL,NULL,NULL,2,"[""01fb000""]","msa","Track",NULL,"MODELLED","ROAD",NULL,NULL,NULL,NULL,NULL,NULL,"0.21351788280612344","0.8686479902431784","0.16013841210459256","0.48285174736806846","239012",2,NULL,"0.868647990243178","0.482851747368068","0.43432399512158900000","0.24142587368403400000","41","28","33","0",0,NULL,NULL,NULL,NULL,NULL,NULL,NULL,NULL,NULL,NULL,NULL,NULL,NULL,NULL,NULL,NULL,NULL,NULL,NULL,NULL,NULL,NULL,NULL,NULL,NULL,NULL,NULL,"no",NULL
"dfe387d9-385c-48fc-bc2f-50fb8d6db3d9","0101000020910B000004234B0D017F24419D1AF85B54B15341",NULL,"stream_crossing",NULL,NULL,NULL,NULL,1,"[""01fb000""]","msa",NULL,NULL,"MODELLED","ROAD",NULL,NULL,NULL,NULL,NULL,NULL,"0.31773133521542224","0.31773133521542224","0.07943283380385556","0.07943283380385556","472882",2,NULL,"0.433722722587772","0.108430680646943","0.21686136129388600000","0.05421534032347150000","102","102","90","0",1,NULL,NULL,NULL,NULL,NULL,NULL,NULL,NULL,NULL,NULL,NULL,NULL,NULL,NULL,NULL,NULL,NULL,NULL,NULL,NULL,NULL,NULL,NULL,NULL,NULL,NULL,NULL,"no",NULL
"cc61e662-a1d3-467d-b579-e8e188e95961","0101000020910B000033333333E3F92341816FE4A74EA75341",NULL,"stream_crossing",NULL,NULL,NULL,NULL,2,"[""01fb000""]","msa","Dryweather",NULL,"MODELLED","ROAD",NULL,NULL,NULL,NULL,NULL,NULL,"0.818659565490586","0.818659565490586","0.4118309283967818","0.4118309283967818","475452",1,"{650212,650213}","0.818659565490586","0.411830928396782","0.81865956549058600000","0.41183092839678200000","218","33","122","0",2,NULL,NULL,NULL,NULL,NULL,NULL,NULL,NULL,NULL,NULL,NULL,NULL,NULL,NULL,NULL,NULL,NULL,NULL,NULL,NULL,NULL,NULL,NULL,NULL,NULL,NULL,NULL,"no",NULL
"39b3db4d-a49c-4f65-bd2f-7ce12066e2f7","0101000020910B0000B1A2B6600677244100FD8821E3A15341",NULL,"stream_crossing",NULL,NULL,NULL,NULL,1,"[""01fb000""]","msa",NULL,NULL,"MODELLED","ROAD",NULL,NULL,NULL,NULL,NULL,NULL,"0.04041584042053365","0.04041584042053365","0.010103960105133413","0.010103960105133413","478022",1,"{113082}","0.0404158404205337","0.0101039601051334","0.04041584042053370000","0.01010396010513340000","208","192","201","0",1,NULL,NULL,NULL,NULL,NULL,NULL,NULL,NULL,NULL,NULL,NULL,NULL,NULL,NULL,NULL,NULL,NULL,NULL,NULL,NULL,NULL,NULL,NULL,NULL,NULL,NULL,NULL,"no",NULL
"c8d0266a-0665-4d6d-b71c-c3387ab02ee7","0101000020910B0000EF5A1C5A6ECB2341C6090BE5CD9A5341",NULL,"stream_crossing",NULL,NULL,NULL,NULL,2,"[""01fb000""]","msa","Marsh Brook Rd",NULL,"MODELLED","ROAD",NULL,NULL,NULL,NULL,NULL,NULL,"0","0.47115768152092563","0","0.23765418778021125","542272",3,NULL,"0.471157681520926","0.237654187780211","0.15705256050697533333","0.07921806259340366667","84","54","62","0",0,NULL,NULL,NULL,NULL,NULL,NULL,NULL,NULL,NULL,NULL,NULL,NULL,NULL,NULL,NULL,NULL,NULL,NULL,NULL,NULL,NULL,NULL,NULL,NULL,NULL,NULL,NULL,"no",NULL
"0ed34456-2d68-4df2-8e63-2d0b508aa917","0101000020910B00006DEC2560B5712441EE519A416DA25341",NULL,"stream_crossing",NULL,NULL,NULL,NULL,1,"[""01fb000""]","msa",NULL,NULL,"MODELLED","ROAD",NULL,NULL,NULL,NULL,NULL,NULL,"0.16163779922593843","0.16163779922593843","0.04040944980648461","0.04040944980648461","483162",1,"{113082}","0.161637799225938","0.0404094498064846","0.16163779922593800000","0.04040944980648460000","197","152","179","0",1,NULL,NULL,NULL,NULL,NULL,NULL,NULL,NULL,NULL,NULL,NULL,NULL,NULL,NULL,NULL,NULL,NULL,NULL,NULL,NULL,NULL,NULL,NULL,NULL,NULL,NULL,NULL,"no",NULL
"371f5f1c-1df1-4139-a17a-c0c9f143f587","0101000020910B00005A56E6BCE2A22341B27CBB85EE8A5341",NULL,"stream_crossing",NULL,NULL,NULL,NULL,2,"[""01fb000""]","msa","Track",NULL,"MODELLED","ROAD",NULL,NULL,NULL,NULL,NULL,NULL,"0","0.10357958697526545","0","0.025894896743816363","485732",2,"{334102}","0","0","0.00000000000000000000","0.00000000000000000000","215","168","196","0",2,NULL,NULL,NULL,NULL,NULL,NULL,NULL,NULL,NULL,NULL,NULL,NULL,NULL,NULL,NULL,NULL,NULL,NULL,NULL,NULL,NULL,NULL,NULL,NULL,NULL,NULL,NULL,"no",NULL
"1699a493-cf6b-46c3-b932-21964807248a","0101000020910B0000EE0088CCEAA5234195612841827E5341",NULL,"stream_crossing",NULL,NULL,NULL,"MacPhails Brook",1,"[""01fb000""]","msa","Highway 395",NULL,"MODELLED","ROAD",NULL,NULL,NULL,NULL,NULL,NULL,"0.020576823809615195","0.020576823809615195","0.005144205952403799","0.005144205952403799","390642",1,NULL,"0.0205768238096152","0.0051442059524038","0.02057682380961520000","0.00514420595240380000","149","201","180","0",0,NULL,NULL,NULL,NULL,NULL,NULL,NULL,NULL,NULL,NULL,NULL,NULL,NULL,NULL,NULL,NULL,NULL,NULL,NULL,NULL,NULL,NULL,NULL,NULL,NULL,NULL,NULL,"no",NULL
"9fe30313-27d4-429f-8918-193a51db5705","0101000020910B00004BBCF1E33085234159C8C44CC1835341",NULL,"stream_crossing",NULL,NULL,NULL,"Dunbar Brook",1,"[""01fb000""]","msa","Strathlorne-Scotsville Rd",NULL,"MODELLED","ROAD",NULL,NULL,NULL,NULL,NULL,NULL,"0.19003842980629113","0.19418898019223949","0.04750960745157278","0.04854724504805987","246722",1,NULL,"0.190038429806291","0.0475096074515728","0.19003842980629100000","0.04750960745157280000","107","140","120","0",0,NULL,NULL,NULL,NULL,NULL,NULL,NULL,NULL,NULL,NULL,NULL,NULL,NULL,NULL,NULL,NULL,NULL,NULL,NULL,NULL,NULL,NULL,NULL,NULL,NULL,NULL,NULL,"no",NULL
"ee20c4f6-327b-4ccc-ba1d-ae93f97b8e70","0101000020910B00009A999999764A2441C270F917059D5341",NULL,"stream_crossing",NULL,NULL,NULL,"Maggie Ranalds Brook",2,"[""01fb000""]","msa",NULL,NULL,"MODELLED","ROAD",NULL,NULL,NULL,NULL,NULL,NULL,"0.10320932951465793","0.10320932951465793","0.07740699713599343","0.07740699713599343","298122",1,NULL,"0.103209329514658","0.0774069971359934","0.10320932951465800000","0.07740699713599340000","86","122","95","0",0,NULL,NULL,NULL,NULL,NULL,NULL,NULL,NULL,NULL,NULL,NULL,NULL,NULL,NULL,NULL,NULL,NULL,NULL,NULL,NULL,NULL,NULL,NULL,NULL,NULL,NULL,NULL,"no",NULL
"714ef696-14be-4243-8661-806518735801","0101000020910B00005E8EDCA1DBF0234192491A05DC905341",NULL,"stream_crossing",NULL,NULL,NULL,NULL,1,"[""01fb000""]","msa","Track",NULL,"MODELLED","ROAD",NULL,NULL,NULL,NULL,NULL,NULL,"0.7451010689124226","0.7451010689124226","0.18627526722810564","0.18627526722810564","97662",1,NULL,"0.745101068912423","0.186275267228106","0.74510106891242300000","0.18627526722810600000","51","67","52","0",0,NULL,NULL,NULL,NULL,NULL,NULL,NULL,NULL,NULL,NULL,NULL,NULL,NULL,NULL,NULL,NULL,NULL,NULL,NULL,NULL,NULL,NULL,NULL,NULL,NULL,NULL,NULL,"no",NULL
"55600162-4f36-4ed6-a8c2-05345c17646b","0101000020910B0000F60813EA2077234161D1F7627F885341",NULL,"stream_crossing",NULL,NULL,NULL,NULL,1,"[""01fb000""]","msa",NULL,NULL,"MODELLED","ROAD",NULL,NULL,NULL,NULL,NULL,NULL,"0.07461666673710338","0.07461666673710338","0.018654166684275844","0.018654166684275844","493442",1,"{102802}","0.0746166667371034","0.0186541666842758","0.07461666673710340000","0.01865416668427580000","204","179","197","0",1,NULL,NULL,NULL,NULL,NULL,NULL,NULL,NULL,NULL,NULL,NULL,NULL,NULL,NULL,NULL,NULL,NULL,NULL,NULL,NULL,NULL,NULL,NULL,NULL,NULL,NULL,NULL,"no",NULL
"0370e7ed-b3cf-4964-a6da-7f5ff4e38b12","0101000020910B0000E7996F7E1C47244139C703B80C9F5341",NULL,"stream_crossing",NULL,NULL,NULL,NULL,2,"[""01fb000""]","msa",NULL,NULL,"MODELLED","ROAD",NULL,NULL,NULL,NULL,NULL,NULL,"0.0531166622165546","0.0531166622165546","0.03983749666241595","0.03983749666241595","349522",1,NULL,"0.0531166622165546","0.0398374966624159","0.05311666221655460000","0.03983749666241590000","117","154","128","0",0,NULL,NULL,NULL,NULL,NULL,NULL,NULL,NULL,NULL,NULL,NULL,NULL,NULL,NULL,NULL,NULL,NULL,NULL,NULL,NULL,NULL,NULL,NULL,NULL,NULL,NULL,NULL,"no",NULL
"a89c353f-e745-4373-b52b-7647a9e2c990","0101000020910B000056FF943ACE7B2341D18FDA4176825341",NULL,"stream_crossing",NULL,NULL,NULL,NULL,1,"[""01fb000""]","msa","Track",NULL,"MODELLED","ROAD",NULL,NULL,NULL,NULL,NULL,NULL,"0","0.15743089365233537","0","0.03935772341308384","447182",3,NULL,"0.157430893652335","0.0393577234130838","0.05247696455077833333","0.01311924113769460000","140","155","141","0",1,NULL,NULL,NULL,NULL,NULL,NULL,NULL,NULL,NULL,NULL,NULL,NULL,NULL,NULL,NULL,NULL,NULL,NULL,NULL,NULL,NULL,NULL,NULL,NULL,NULL,NULL,NULL,"no",NULL
"4bdb1838-fd11-4d8b-9505-9db81bb2d821","0101000020910B00008822452AB3C423416F53E1DFF5935341",NULL,"stream_crossing",NULL,NULL,NULL,"Tanners Brook",2,"[""01fb000""]","msa","Cabot Trail",NULL,"MODELLED","ROAD",NULL,NULL,NULL,NULL,NULL,NULL,"0.8021802447507578","0.9396180149198698","0.401838589883892","0.43619803242617","87382",1,NULL,"0.802180244750758","0.401838589883892","0.80218024475075800000","0.40183858988389200000","28","31","28","0",0,NULL,NULL,NULL,NULL,NULL,NULL,NULL,NULL,NULL,NULL,NULL,NULL,NULL,NULL,NULL,NULL,NULL,NULL,NULL,NULL,NULL,NULL,NULL,NULL,NULL,NULL,NULL,"no",NULL
"af32fd70-fc48-4b1c-9a77-c527cc8cb8fe","0101000020910B0000B360D264789923411BB346F707795341",NULL,"stream_crossing",NULL,NULL,NULL,NULL,1,"[""01fb000""]","msa","Track",NULL,"MODELLED","ROAD",NULL,NULL,NULL,NULL,NULL,NULL,"0.1836740384277223","0.1836740384277223","0.04591850960693058","0.04591850960693058","498582",2,NULL,"0.183674038427722","0.0459185096069306","0.09183701921386100000","0.02295925480346530000","127","147","131","0",1,NULL,NULL,NULL,NULL,NULL,NULL,NULL,NULL,NULL,NULL,NULL,NULL,NULL,NULL,NULL,NULL,NULL,NULL,NULL,NULL,NULL,NULL,NULL,NULL,NULL,NULL,NULL,"no",NULL
"3e59a956-a023-4cf8-bdf3-2bee65b32556","0101000020910B00004D688B64B4D92341D008DDD2D47F5341",NULL,"stream_crossing",NULL,NULL,NULL,NULL,1,"[""01fb000""]","msa",NULL,NULL,"MODELLED","ROAD",NULL,NULL,NULL,NULL,NULL,NULL,"0.037763587729718266","0.037763587729718266","0.009440896932429567","0.009440896932429567","375222",1,NULL,"0.0377635877297183","0.00944089693242957","0.03776358772971830000","0.00944089693242957000","145","195","175","0",0,NULL,NULL,NULL,NULL,NULL,NULL,NULL,NULL,NULL,NULL,NULL,NULL,NULL,NULL,NULL,NULL,NULL,NULL,NULL,NULL,NULL,NULL,NULL,NULL,NULL,NULL,NULL,"no",NULL
"6bccd3fa-e323-4380-8013-aade2993c078","0101000020910B0000A353D48EEA802441F617584343AF5341",NULL,"stream_crossing",NULL,NULL,NULL,NULL,1,"[""01fb000""]","msa",NULL,NULL,"MODELLED","ROAD",NULL,NULL,NULL,NULL,NULL,NULL,"0.5171049465502342","0.5171049465502342","0.12927623663755855","0.12927623663755855","141352",1,NULL,"0.517104946550234","0.129276236637559","0.51710494655023400000","0.12927623663755900000","67","92","71","0",0,NULL,NULL,NULL,NULL,NULL,NULL,NULL,NULL,NULL,NULL,NULL,NULL,NULL,NULL,NULL,NULL,NULL,NULL,NULL,NULL,NULL,NULL,NULL,NULL,NULL,NULL,NULL,"no",NULL
"85dc7d30-bba5-4097-bbfa-71da7c6038e7","0101000020910B0000173CEBDCD8E823414B4E4DD559955341",NULL,"stream_crossing",NULL,NULL,NULL,"Munro Brook",2,"[""01fb000""]","msa","Driveway",NULL,"MODELLED","ROAD",NULL,NULL,NULL,NULL,NULL,NULL,"0.3670476943267558","0.3670476943267558","0.12864407387297336","0.12864407387297336","177332",1,NULL,"0.367047694326756","0.128644073872973","0.36704769432675600000","0.12864407387297300000","68","94","72","0",0,NULL,NULL,NULL,NULL,NULL,NULL,NULL,NULL,NULL,NULL,NULL,NULL,NULL,NULL,NULL,NULL,NULL,NULL,NULL,NULL,NULL,NULL,NULL,NULL,NULL,NULL,NULL,"no",NULL
"31b17cce-62fc-4a3f-b186-287ebf0c8b7d","0101000020910B0000E17A14AE41BE23410AD7A320E4955341",NULL,"stream_crossing",NULL,NULL,NULL,NULL,NULL,NULL,"msa",NULL,NULL,NULL,NULL,NULL,NULL,NULL,NULL,NULL,"add structure, CBS located at 46.34538349, -61.09024259","0","0.46466568144532994","0","0.14556309962497635","606522",3,NULL,"0.427174697785969","0.136190353710136","0.14239156592865633333","0.04539678457004533333","113","84","88","0",0,NULL,NULL,NULL,NULL,NULL,NULL,NULL,NULL,NULL,NULL,NULL,NULL,NULL,NULL,NULL,NULL,NULL,NULL,NULL,NULL,NULL,NULL,NULL,NULL,NULL,NULL,NULL,"no",NULL
"acd1622a-53c7-4127-9ada-65abe802ca14","0101000020910B000019753B3DC8732341EFBDD541C77C5341",NULL,"stream_crossing",NULL,NULL,NULL,"Hays River",3,"[""01fb000""]","msa","West Lake Ainslie Rd",NULL,"MODELLED","ROAD","obs","bridge",NULL,NULL,NULL,"update structure type, road reconstructed, feature located at 46.11589726, -61.22170821","11.866570878278427","12.358223911326846",NULL,NULL,NULL,NULL,NULL,NULL,NULL,NULL,NULL,NULL,NULL,NULL,"1",0,NULL,NULL,NULL,NULL,NULL,NULL,NULL,NULL,NULL,NULL,NULL,NULL,NULL,NULL,NULL,NULL,NULL,NULL,NULL,NULL,NULL,NULL,NULL,NULL,NULL,NULL,NULL,"no",NULL
"20bae2e3-5487-42ec-a4a6-2ab1e9415ee5","0101000020910B00003B6EF095A97F2441930253D741B15341",NULL,"stream_crossing",NULL,NULL,NULL,NULL,1,"[""01fb000""]","msa","Track",NULL,"MODELLED","ROAD",NULL,"ford",NULL,NULL,NULL,NULL,"0.11599138737234936","0.4337227225877716","0.02899784684308734","0.1084306806469429","472882",2,NULL,"0.433722722587772","0.108430680646943","0.21686136129388600000","0.05421534032347150000","102","102","90","0",0,NULL,NULL,NULL,NULL,NULL,NULL,NULL,NULL,NULL,NULL,NULL,NULL,NULL,NULL,NULL,NULL,NULL,NULL,NULL,NULL,NULL,NULL,NULL,NULL,NULL,NULL,NULL,"no",NULL
"24f4ae44-0df6-40a0-8cb1-8cf826538570","0101000020910B000081862C05B716244134DEC61BC2A55341",NULL,"stream_crossing",NULL,NULL,NULL,"Forest Glen Brook",4,"[""01fb000""]","msa","Track",NULL,"MODELLED","ROAD",NULL,NULL,NULL,NULL,NULL,"Salmon upstream (presence of redds), strucutre is likely passable but could be partial barrier. Assessment to confirm would be beneficial to confirm what the crossing is, hard to tell with satellite imagrey","3.267004737631941","8.185790330436795","3.152445150041993","7.0335812914851665","650212",1,NULL,"3.26700473763194","3.15244515004199","3.2670047376319400","3.1524451500419900","1","1","1","0",0,"Forest Glen Brook at Unnamed Track",NULL,NULL,NULL,NULL,NULL,NULL,NULL,NULL,NULL,NULL,NULL,NULL,NULL,NULL,NULL,NULL,NULL,NULL,NULL,NULL,NULL,NULL,NULL,NULL,NULL,NULL,"yes",NULL
"26f23476-5097-42cc-aa47-16acd166c460","0101000020910B0000A74FB1F474B92341D40F318E7B9C5341",NULL,"stream_crossing",NULL,NULL,NULL,"Mill Valley Brook",3,"[""01fb000""]","msa","Mill Valley Rd",NULL,"MODELLED","ROAD",NULL,"bridge",NULL,NULL,NULL,"update structure type","4.045497236362373","4.241597109241187",NULL,NULL,NULL,NULL,NULL,NULL,NULL,NULL,NULL,NULL,NULL,NULL,"1",0,NULL,NULL,NULL,NULL,NULL,NULL,NULL,NULL,NULL,NULL,NULL,NULL,NULL,NULL,NULL,NULL,NULL,NULL,NULL,NULL,NULL,NULL,NULL,NULL,NULL,NULL,NULL,"no",NULL
"c4306bc0-39a6-463d-8095-b6975bdd8e17","0101000020910B00002E906339775F234112239CCCA17B5341",NULL,"stream_crossing",NULL,NULL,NULL,"Hays River",3,"[""01fb000""]","msa","Davids Lane",NULL,"MODELLED","ROAD",NULL,"bridge",NULL,NULL,NULL,NULL,"2.9266938852466993","3.4183469182951187",NULL,NULL,NULL,NULL,NULL,NULL,NULL,NULL,NULL,NULL,NULL,NULL,"1",0,NULL,NULL,NULL,NULL,NULL,NULL,NULL,NULL,NULL,NULL,NULL,NULL,NULL,NULL,NULL,NULL,NULL,NULL,NULL,NULL,NULL,NULL,NULL,NULL,NULL,NULL,NULL,"no",NULL
"3f71b802-4490-4830-a5e7-2e11d1be4d7b","0101000020910B0000C9B51645E8C3234133ADA64ABB955341",NULL,"stream_crossing",NULL,NULL,NULL,NULL,2,"[""01fb000""]","msa","Track",NULL,"MODELLED","ROAD",NULL,NULL,NULL,NULL,NULL,"Water going around culvert, no real fish passage culverts are bad. ","1.024312941318071","2.283508024039031","0.6774903907205017","0.9922891614007419","555122",1,NULL,"1.02431294131807","0.677490390720502","1.02431294131807000000","0.67749039072050200000","13","11","12","0",0,"Unnamed Brook at Unnamed Track 2 (Cow Field)","Unnamed",NULL,"Stream crossing - CBS",NULL,NULL,"Data-deficient barrier","Informal assessment","Informal assessment","","","","","","",NULL,"","",NULL,NULL,NULL,NULL,"Habitat confirmation (data deficient structures only)",NULL,NULL,NULL,NULL,"yes","Water going around culvert, no real fish passage culverts are bad"
"2789e6c4-a2a6-49a6-9ea3-942d09abf25d","0101000020910B0000171A323F0EA32341D422FD4E4F895341",NULL,"stream_crossing",NULL,NULL,NULL,"MacDonalds Glen Brook",3,"[""01fb000""]","msa","Highway 395",NULL,"MODELLED","ROAD",NULL,NULL,NULL,NULL,NULL,"Some Blockages, likely drop on downstream side with low water, completely inpassible debris, drop on upstream side due to blockage, Blockage removed during 2025 field season. ","0.631106197968294","0.6480788140177566","0.1577765494920735","0.16095891500134774","267282",1,NULL,"0.631106197968294","0.157776549492074","0.63110619796829400000","0.15777654949207400000","59","74","59","0.75",0,"MacDonalds Glen Brook at Highway 395","MacDonalds Glen Brook",NULL,"Stream crossing - CBS",NULL,NULL,"Data-deficient barrier","Informal assessment","Informal assessment","","","","","","",NULL,"","",NULL,NULL,NULL,NULL,"Barrier assessment (data deficient structures only)",NULL,NULL,NULL,NULL,"no","Some Blockages, likely drop on downstream side with low water, completely inpassible debris, drop on upstream side due to blockage. Update: Debris removed during 2025 field season, in-depth assessment needed to confrim restored passage."
"42ed73ec-ce03-44e9-bb0d-a558cc7827a5","0101000020910B0000215748C6565124413E2F47072FB25341",NULL,"stream_crossing",NULL,NULL,NULL,NULL,3,"[""01fb000""]","msa",NULL,NULL,"MODELLED","ROAD",NULL,"bridge",NULL,NULL,NULL,NULL,"2.2481846984713925","4.0444790765774",NULL,NULL,NULL,NULL,NULL,NULL,NULL,NULL,NULL,NULL,NULL,NULL,"1",0,"Unnamed Brook at Glen More Road (Glen More Road washout)","Unnamed",NULL,"Stream crossing - OBS",NULL,NULL,"Excluded structure","Informal assessment","Informal assessment","Passable","Informal assessment","","","","",NULL,"","",NULL,NULL,NULL,NULL,"",NULL,NULL,NULL,NULL,"no","Bridge in bad shape, but fish passage looks fine. Revisit in ~5 years (2030)."
"528f2897-0eac-4653-a58f-29af6ee796d9","0101000020910B0000BE244E1498BF23418A5A0A66FA935341",NULL,"stream_crossing",NULL,NULL,NULL,"Mill Brook",2,"[""01fb000""]","msa","Trail",NULL,"MODELLED","TRAIL",NULL,NULL,NULL,NULL,NULL,"Needs assessment","2.227661990497997","4.263143897487045","1.304418193169644","2.8310296234114305","511432",2,NULL,"2.36142821475846","1.32949936021848","1.18071410737923000000","0.66474968010924000000","14","3","6","0",1,"Mill Brook at Mill Rd",NULL,NULL,NULL,NULL,NULL,NULL,NULL,NULL,NULL,NULL,NULL,NULL,NULL,NULL,NULL,NULL,NULL,NULL,NULL,NULL,NULL,NULL,NULL,NULL,NULL,NULL,"yes",NULL
"d813602e-aaef-42a9-8885-feb649981cef","0101000020910B000049A64705D4EE23419A9A33EB0E945341",NULL,"stream_crossing",NULL,NULL,NULL,"Lake O'Law Brook",4,"[""01fb000""]","msa","Track",NULL,"MODELLED","ROAD",NULL,"bridge",NULL,NULL,NULL,NULL,"20.712823710270776","25.988640779624035",NULL,NULL,NULL,NULL,NULL,NULL,NULL,NULL,NULL,NULL,NULL,NULL,"1",0,NULL,NULL,NULL,NULL,NULL,NULL,NULL,NULL,NULL,NULL,NULL,NULL,NULL,NULL,NULL,NULL,NULL,NULL,NULL,NULL,NULL,NULL,NULL,NULL,NULL,NULL,NULL,"no",NULL
"dbf568c8-fa52-4726-b50b-642e364877d1","0101000020910B00009A999999BB3A2341CFBC7EA8747E5341",NULL,"stream_crossing",NULL,NULL,NULL,"Black River",3,"[""01fb000""]","msa","Blackstone Rd",NULL,"MODELLED","ROAD",NULL,"bridge",NULL,NULL,NULL,NULL,"7.456675718869262","8.341635152191639",NULL,NULL,NULL,NULL,NULL,NULL,NULL,NULL,NULL,NULL,NULL,NULL,"1",0,NULL,NULL,NULL,NULL,NULL,NULL,NULL,NULL,NULL,NULL,NULL,NULL,NULL,NULL,NULL,NULL,NULL,NULL,NULL,NULL,NULL,NULL,NULL,NULL,NULL,NULL,NULL,"no",NULL
"5dffe0fc-64be-4505-91a3-b53ea3b8ee91","0101000020910B000033333333E54D234180A64B9A7E805341",NULL,"stream_crossing",NULL,NULL,NULL,"Saddlers Brook",3,"[""01fb000""]","msa","Inverness Shean Trail-Blackstone-Inverness",NULL,"MODELLED","ROAD",NULL,"bridge",NULL,NULL,NULL,NULL,"3.376521277870409","7.892847428616044",NULL,NULL,NULL,NULL,NULL,NULL,NULL,NULL,NULL,NULL,NULL,NULL,"1",0,NULL,NULL,NULL,NULL,NULL,NULL,NULL,NULL,NULL,NULL,NULL,NULL,NULL,NULL,NULL,NULL,NULL,NULL,NULL,NULL,NULL,NULL,NULL,NULL,NULL,NULL,NULL,"no",NULL
"6cd84598-ee60-48a7-8215-9482dd9d2ed5","0101000020910B0000E41C74E917B923416A3171A36F755341",NULL,"stream_crossing",NULL,NULL,NULL,"MacSweens Brook",3,"[""01fb000""]","msa","Highway 395",NULL,"MODELLED","ROAD",NULL,NULL,NULL,NULL,NULL,"Basically a water fall, 3 foot drop and large velocity barrier.","1.910653116041599","3.193812615550641","1.910653116041599","2.277639486275946","46262",1,NULL,"1.9106531160416","1.9106531160416","1.91065311604160000000","1.91065311604160000000","4","5","4","0",0,"MacSweens Brook at Highway 395 (Rail Tie Drop)","MacSweens Brook",NULL,"Stream crossing - CBS",NULL,NULL,"Data-deficient barrier","Informal assessment","Informal assessment","","","","","","",NULL,"","",NULL,NULL,NULL,NULL,"Barrier assessment (data deficient structures only)",NULL,NULL,NULL,NULL,"yes","basically a water fall, 3 foot drop and large velocity barrier"
"68de9430-f489-48b7-83d1-0e71bb2df9bc","0101000020910B000071EE10B3058224416EEE514FFDAE5341",NULL,"stream_crossing",NULL,NULL,NULL,NULL,3,"[""01fb000""]","msa",NULL,NULL,"MODELLED","ROAD",NULL,"bridge",NULL,NULL,NULL,NULL,"12.551074198233056","12.984796920820829",NULL,NULL,NULL,NULL,NULL,NULL,NULL,NULL,NULL,NULL,NULL,NULL,"1",0,NULL,NULL,NULL,NULL,NULL,NULL,NULL,NULL,NULL,NULL,NULL,NULL,NULL,NULL,NULL,NULL,NULL,NULL,NULL,NULL,NULL,NULL,NULL,NULL,NULL,NULL,NULL,"no",NULL
"f32f376b-3ff5-4b8a-b6c2-dda5bffec96e","0101000020910B000049C515AA147C2441878E07BDAEAF5341",NULL,"stream_crossing",NULL,NULL,NULL,NULL,1,"[""01fb000""]","msa",NULL,NULL,"MODELLED","ROAD",NULL,"Culvert",NULL,NULL,NULL,NULL,"0.9131736581396294","0.9131736581396294","0.22829341453490734","0.22829341453490734","71962",1,NULL,"0.913173658139629","0.228293414534907","0.91317365813962900000","0.22829341453490700000","42","55","42","0",0,NULL,NULL,NULL,NULL,NULL,NULL,NULL,NULL,NULL,NULL,NULL,NULL,NULL,NULL,NULL,NULL,NULL,NULL,NULL,NULL,NULL,NULL,NULL,NULL,NULL,NULL,NULL,"no",NULL
"241e9796-670d-4047-b574-daa100866903","0101000020910B00009A99999941022441BBAFB1DB0C995341",NULL,"stream_crossing",NULL,NULL,NULL,NULL,1,"[""01fb000""]","msa","Track",NULL,"MODELLED","ROAD",NULL,NULL,NULL,NULL,NULL,"update structure type","0.3604451231750418","0.3604451231750418","0.09011128079376045","0.09011128079376045","185042",1,NULL,"0.360445123175042","0.0901112807937604","0.36044512317504200000","0.09011128079376040000","82","115","86","0",0,NULL,NULL,NULL,NULL,NULL,NULL,NULL,NULL,NULL,NULL,NULL,NULL,NULL,NULL,NULL,NULL,NULL,NULL,NULL,NULL,NULL,NULL,NULL,NULL,NULL,NULL,NULL,"no",NULL
"6b8661d2-9dd4-4943-988a-500823e03bed","0101000020910B0000EE30187071D123413E63CC76AD945341",NULL,"stream_crossing",NULL,NULL,NULL,"Timmins Brook",2,"[""01fb000""]","msa","West Big Intervale Rd",NULL,"MODELLED","ROAD",NULL,NULL,NULL,NULL,NULL,"Bridge is in bad shape, barrier to fish passage, worst one of the day. ","0.8328477835801068","0.8328477835801068","0.6149166580536526","0.6149166580536526","79672",1,NULL,"0.832847783580107","0.614916658053653","0.83284778358010700000","0.61491665805365300000","16","24","20","0",0,"Timmins Brook at West Big Intervale Road","Timmins Brook",NULL,"Stream crossing - OBS",NULL,NULL,"Data-deficient barrier","Informal assessment","Informal assessment","","","","","","",NULL,"","",NULL,NULL,NULL,NULL,"Habitat confirmation (data deficient structures only)",NULL,NULL,NULL,NULL,"yes","bridge is in bad shape, barrier to fish passage, worst one of the day"
"029700a4-0f06-493f-8415-4cf60c63a44e","0101000020910B000042A48683E5C12341BF0629BFCF925341",NULL,"stream_crossing",NULL,NULL,NULL,"Mill Brook",2,"[""01fb000""]","msa","Track",NULL,"MODELLED","ROAD",NULL,NULL,NULL,NULL,NULL,NULL,"2.0117189602282526","2.035481906989048","0.3771973050427973","0.3816528575604466","511433",1,"{511432}","2.01171896022825","0.377197305042797","2.0117189602282500","0.37719730504279700000","219","34","123","0.75",2,"Mill Brook at Unnamed Track","Mill Brook",NULL,"Stream crossing - CBS",NULL,NULL,"Data-deficient barrier","Informal assessment","Informal assessment","","","","","","",NULL,"","",NULL,NULL,NULL,NULL,"Barrier assessment (data deficient structures only)",NULL,NULL,NULL,NULL,"no","3 culverts, may be an issue in low water, possible velocity barrier. Update: Debris Jam removed during field season, in-depth barrier assessment needed to confirm passage restoration."
"5fa0ba56-d00b-471a-9ee0-47306dc8bee9","0101000020910B0000E93ECF8ACDFB2341C26A6949D3945341",NULL,"stream_crossing",NULL,NULL,NULL,"Watsons Brook",3,"[""01fb000""]","msa","Track",NULL,"MODELLED","ROAD",NULL,"bridge",NULL,NULL,NULL,NULL,"1.109288240501291","4.518795290006606",NULL,NULL,NULL,NULL,NULL,NULL,NULL,NULL,NULL,NULL,NULL,NULL,"1",0,NULL,NULL,NULL,NULL,NULL,NULL,NULL,NULL,NULL,NULL,NULL,NULL,NULL,NULL,NULL,NULL,NULL,NULL,NULL,NULL,NULL,NULL,NULL,NULL,NULL,NULL,NULL,"no",NULL
"4e550c80-943c-4828-91c3-b2d8575cd7b1","0101000020910B0000143966744606244140C19AFD2DA85341",NULL,"stream_crossing",NULL,NULL,NULL,"Forest Glen Brook",3,"[""01fb000""]","msa","Track",NULL,"MODELLED","ROAD",NULL,"bridge",NULL,NULL,NULL,NULL,"0.19717702920415203","0.6298308455399029",NULL,NULL,NULL,NULL,NULL,NULL,NULL,NULL,NULL,NULL,NULL,NULL,"1",2,NULL,NULL,NULL,NULL,NULL,NULL,NULL,NULL,NULL,NULL,NULL,NULL,NULL,NULL,NULL,NULL,NULL,NULL,NULL,NULL,NULL,NULL,NULL,NULL,NULL,NULL,NULL,"no",NULL
"ad324748-678a-4010-b3b2-7e8fe62a83cf","0101000020910B0000C54F6A3A8E502341A8855B853B815341",NULL,"stream_crossing",NULL,NULL,NULL,"Black River",4,"[""01fb000""]","msa","Inverness Shean Trail-MacCormicks Corner-Inverness",NULL,"MODELLED","ROAD",NULL,"bridge",NULL,NULL,NULL,NULL,"26.12502409877989","32.09435324118089",NULL,NULL,NULL,NULL,NULL,NULL,NULL,NULL,NULL,NULL,NULL,NULL,"1",0,NULL,NULL,NULL,NULL,NULL,NULL,NULL,NULL,NULL,NULL,NULL,NULL,NULL,NULL,NULL,NULL,NULL,NULL,NULL,NULL,NULL,NULL,NULL,NULL,NULL,NULL,NULL,"no",NULL
"1cf6379c-f294-49d8-bc87-7750eb4694be","0101000020910B00003AE8F9CD85032441ED2F1C26A0975341",NULL,"stream_crossing",NULL,NULL,NULL,NULL,1,"[""01fb000""]","msa","Track",NULL,"MODELLED","ROAD",NULL,NULL,NULL,NULL,NULL,"feature located at 46.35953672, -60.97416861","0.3552950324204384","0.3552950324204384","0.0888237581051096","0.0888237581051096","514002",1,"{616802}","0.355295032420438","0.0888237581051096","0.35529503242043800000","0.08882375810510960000","182","117","144","0",1,NULL,NULL,NULL,NULL,NULL,NULL,NULL,NULL,NULL,NULL,NULL,NULL,NULL,NULL,NULL,NULL,NULL,NULL,NULL,NULL,NULL,NULL,NULL,NULL,NULL,NULL,NULL,"no",NULL
"385c9b33-d98f-4c3c-9724-c9ba4305281f","0101000020910B00009E37B4746E01244191E07DF3579B5341",NULL,"stream_crossing",NULL,NULL,NULL,NULL,1,"[""01fb000""]","msa","Track",NULL,"MODELLED","ROAD",NULL,"bridge",NULL,NULL,NULL,NULL,"0.2400170869083454","0.403876435893734",NULL,NULL,NULL,NULL,NULL,NULL,NULL,NULL,NULL,NULL,NULL,NULL,"1",1,NULL,NULL,NULL,NULL,NULL,NULL,NULL,NULL,NULL,NULL,NULL,NULL,NULL,NULL,NULL,NULL,NULL,NULL,NULL,NULL,NULL,NULL,NULL,NULL,NULL,NULL,NULL,"no",NULL
"43cb0cda-e64b-4bb9-a037-d84aa4678107","0101000020910B00000C93A6E6E7172441D38121BD98A55341",NULL,"stream_crossing",NULL,NULL,NULL,"Turner Brook",4,"[""01fb000""]","msa","Track",NULL,"MODELLED","ROAD",NULL,"bridge",NULL,NULL,NULL,NULL,"0.874216555189714","0.874216555189714",NULL,NULL,NULL,NULL,NULL,NULL,NULL,NULL,NULL,NULL,NULL,NULL,"1",0,NULL,NULL,NULL,NULL,NULL,NULL,NULL,NULL,NULL,NULL,NULL,NULL,NULL,NULL,NULL,NULL,NULL,NULL,NULL,NULL,NULL,NULL,NULL,NULL,NULL,NULL,NULL,"no",NULL
"75e364df-aeb0-4226-955f-63a065084fec","0101000020910B0000A6B259943A07244158A7DA22339C5341",NULL,"stream_crossing",NULL,NULL,NULL,"Lavis Brook",3,"[""01fb000""]","msa","Track",NULL,"MODELLED","ROAD",NULL,NULL,NULL,NULL,NULL,"feature located at 46.40152334, -60.96672970","0.04545973774066981","0.04545973774066981","0.011364934435167453","0.011364934435167453","357232",1,NULL,"0.0454597377406698","0.0113649344351675","0.04545973774066980000","0.01136493443516750000","141","190","167","0",0,NULL,NULL,NULL,NULL,NULL,NULL,NULL,NULL,NULL,NULL,NULL,NULL,NULL,NULL,NULL,NULL,NULL,NULL,NULL,NULL,NULL,NULL,NULL,NULL,NULL,NULL,NULL,"no",NULL
"6705f705-2ac6-4330-b7a4-c931eb724233","0101000020910B0000229AA1D699F923416575E3B7129A5341",NULL,"stream_crossing",NULL,NULL,NULL,"Marsh Brook",2,"[""01fb000""]","msa","Track",NULL,"MODELLED","ROAD",NULL,"bridge",NULL,NULL,NULL,"feature is located at 46.38261846, -60.98979383, road reconstructed. see aerial photo to view OBS","5.422016837421453","5.824491661782771",NULL,NULL,NULL,NULL,NULL,NULL,NULL,NULL,NULL,NULL,NULL,NULL,"1",0,NULL,NULL,NULL,NULL,NULL,NULL,NULL,NULL,NULL,NULL,NULL,NULL,NULL,NULL,NULL,NULL,NULL,NULL,NULL,NULL,NULL,NULL,NULL,NULL,NULL,NULL,NULL,"no",NULL
"98f3a4f2-4e99-4941-8be0-2e3d66e0c639","0101000020910B0000F85B752189D423416CFD5B3268805341",NULL,"stream_crossing",NULL,NULL,NULL,"Trout Brook",2,"[""01fb000""]","msa","Trail",NULL,"MODELLED","TRAIL",NULL,NULL,NULL,NULL,NULL,"Cant Access, snow too deep on road, come back in summer. ","1.5609511436463415","1.5609511436463415","0.5669719281891007","0.5669719281891007","53972",1,NULL,"1.56095114364634","0.566971928189101","1.56095114364634000000","0.56697192818910100000","18","25","21","0",0,"Trout River at Unnamed Trail","Trout River",NULL,"",NULL,NULL,"","","","","","","","","",NULL,"","",NULL,NULL,NULL,NULL,"",NULL,NULL,NULL,NULL,"no","Cant Access, snow too deep on road, come back in summer"
"266b0381-7edc-4227-8116-027cb22aec3a","0101000020910B0000BDF4717173B423410598958E5D945341",NULL,"stream_crossing",NULL,NULL,NULL,"John Donalds Lower Brook",1,"[""01fb000""]","msa",NULL,NULL,"MODELLED","ROAD",NULL,NULL,NULL,NULL,NULL,"update structure type","0.367410397041589","0.367410397041589","0.09185259926039725","0.09185259926039725","174762",1,NULL,"0.367410397041589","0.0918525992603973","0.36741039704158900000","0.09185259926039730000","79","114","83","0",0,NULL,NULL,NULL,NULL,NULL,NULL,NULL,NULL,NULL,NULL,NULL,NULL,NULL,NULL,NULL,NULL,NULL,NULL,NULL,NULL,NULL,NULL,NULL,NULL,NULL,NULL,NULL,"no",NULL
"8e9917bf-4aee-4f31-aa3e-79a865872f6e","0101000020910B0000F883E25D6B702441C332AE545AA15341",NULL,"stream_crossing",NULL,NULL,NULL,NULL,2,"[""01fb000""]","msa","Track",NULL,"MODELLED","ROAD",NULL,"ford",NULL,NULL,NULL,NULL,"0.35969141047913866","0.35969141047913866","0.269768557859354","0.269768557859354","113083",1,"{113082}","0.359691410479139","0.269768557859354","0.35969141047913900000","0.26976855785935400000","164","50","99","0",1,NULL,NULL,NULL,NULL,NULL,NULL,NULL,NULL,NULL,NULL,NULL,NULL,NULL,NULL,NULL,NULL,NULL,NULL,NULL,NULL,NULL,NULL,NULL,NULL,NULL,NULL,NULL,"no",NULL
"4a780d7c-8f95-414f-bdf5-8e554d75adf3","0101000020910B0000D505DA7F6E21244191378D9F82A05341",NULL,"stream_crossing",NULL,NULL,NULL,NULL,2,"[""01fb000""]","msa","East Big Intervale Rd",NULL,"MODELLED","ROAD",NULL,NULL,NULL,NULL,NULL,"Clogged up top of culvert, velocity barrier, big drop upstream. ","1.432265929265686","1.432265929265686","0.8876068945978303","0.8876068945978303","56542",1,NULL,"1.43226592926569","0.88760689459783","1.43226592926569000000","0.88760689459783000000","8","14","10","0",0,"Unnamed Brook at East Big Intervale Road (Cemetary Pool)","Unnamed",NULL,"Stream crossing - CBS",NULL,NULL,"Data-deficient barrier","Informal assessment","Informal assessment","","","","","","",NULL,"","",NULL,NULL,NULL,NULL,"Habitat confirmation (data deficient structures only)",NULL,NULL,NULL,NULL,"yes","Clogged up top of culvert, velocity barrier, big drop upstream"
"0328236a-6805-4f95-af36-0c4cb15ca66c","0101000020910B0000B467E61004252341EBC76CCD1E7E5341",NULL,"stream_crossing",NULL,NULL,NULL,"Black River",3,"[""01fb000""]","msa","MacLellan Rd",NULL,"MODELLED","ROAD",NULL,"bridge",NULL,NULL,NULL,NULL,"0.03137632122168994","0.03137632122168994",NULL,NULL,NULL,NULL,NULL,NULL,NULL,NULL,NULL,NULL,NULL,NULL,"1",0,NULL,NULL,NULL,NULL,NULL,NULL,NULL,NULL,NULL,NULL,NULL,NULL,NULL,NULL,NULL,NULL,NULL,NULL,NULL,NULL,NULL,NULL,NULL,NULL,NULL,NULL,NULL,"no",NULL
"98553baa-ea15-4fc2-915c-df82ca05304c","0101000020910B00009A999999F5F12341299E53A3E3955341",NULL,"stream_crossing",NULL,NULL,NULL,NULL,1,"[""01fb000""]","msa","West Big Intervale Rd",NULL,"MODELLED","ROAD",NULL,"culvert",NULL,NULL,NULL,NULL,"0.2924705922018339","1.1894814027356801","0.07311764805045848","0.29737035068392004","195322",3,NULL,"1.18948140273568","0.29737035068392","0.39649380091189333333","0.09912345022797333333","77","47","54","0",0,NULL,NULL,NULL,NULL,NULL,NULL,NULL,NULL,NULL,NULL,NULL,NULL,NULL,NULL,NULL,NULL,NULL,NULL,NULL,NULL,NULL,NULL,NULL,NULL,NULL,NULL,NULL,"no",NULL
"df97ce6c-2394-4acc-bc13-6c5395967cdd","0101000020910B0000C3A7B356D4D623411F4B4BB4458C5341",NULL,"stream_crossing",NULL,NULL,NULL,"Big Brook",3,"[""01fb000""]","msa","Track",NULL,"MODELLED","ROAD",NULL,"bridge",NULL,NULL,NULL,NULL,"2.9222782417400865","2.9222782417400865",NULL,NULL,NULL,NULL,NULL,NULL,NULL,NULL,NULL,NULL,NULL,NULL,"1",0,NULL,NULL,NULL,NULL,NULL,NULL,NULL,NULL,NULL,NULL,NULL,NULL,NULL,NULL,NULL,NULL,NULL,NULL,NULL,NULL,NULL,NULL,NULL,NULL,NULL,NULL,NULL,"no",NULL
"dd43d67c-2d29-468c-b0a7-5d07486f38eb","0101000020910B00001C42C55E291224416E423013EF8B5341",NULL,"stream_crossing",NULL,NULL,NULL,NULL,2,"[""01fb000""]","msa","Driveway",NULL,"MODELLED","ROAD",NULL,"bridge",NULL,NULL,NULL,NULL,"1.3451291449392702","2.116773746632434",NULL,NULL,NULL,NULL,NULL,NULL,NULL,NULL,NULL,NULL,NULL,NULL,"1",0,NULL,NULL,NULL,NULL,NULL,NULL,NULL,NULL,NULL,NULL,NULL,NULL,NULL,NULL,NULL,NULL,NULL,NULL,NULL,NULL,NULL,NULL,NULL,NULL,NULL,NULL,NULL,"no",NULL
"94cef3cc-bbb9-4d58-b352-63506a6e9ea7","0101000020910B00007C22706A3C802341ECCC90C1477B5341",NULL,"stream_crossing",NULL,NULL,NULL,"MacEacherns Brook",2,"[""01fb000""]","msa","Track",NULL,"MODELLED","ROAD",NULL,NULL,NULL,NULL,NULL,"Culvert looks good but clogged with debris. ","1.0140991078990247","1.0140991078990247","0.3802871654621342","0.3802871654621342","59113",1,"{59112}","1.01409910789902","0.380287165462134","1.01409910789902000000","0.38028716546213400000","162","35","85","0.5",1,"MacEacherns Brook at Unnamed Track","MacEacherns Brook",NULL,"Stream crossing - CBS",NULL,NULL,"Data-deficient barrier","Informal assessment","Informal assessment","","","","","","",NULL,"","",NULL,NULL,NULL,NULL,"Habitat confirmation (data deficient structures only)",NULL,NULL,NULL,NULL,"no","Culvert looks good but clogged with debris, debris to be removed to restore passage"
"bb1f43c2-f195-4c4d-aa3e-8f39b1459ec9","0101000020910B000037D176780FB623418653C1B94A945341",NULL,"stream_crossing",NULL,NULL,NULL,"William Donalds Brook",2,"[""01fb000""]","msa","Driveway",NULL,"MODELLED","ROAD",NULL,"ford",NULL,NULL,NULL,NULL,"0.5558310659329491","3.934005718022274","0.4168732994497118","2.0540704897974287","490872",4,NULL,"3.02614923278484","1.82710636848807","0.75653730819621000000","0.45677659212201750000","23","7","16","0",0,"William Donalds Brook off HW 19 - 1",NULL,NULL,NULL,NULL,NULL,NULL,NULL,NULL,NULL,NULL,NULL,NULL,NULL,NULL,NULL,NULL,NULL,NULL,NULL,NULL,NULL,NULL,NULL,NULL,NULL,NULL,"yes",NULL
"89fe6909-48aa-4e41-a247-4cf90f42930d","0101000020910B0000CAB27D64AB9B2341CDCCCCEC5B8F5341",NULL,"stream_crossing",NULL,NULL,NULL,"Jack Gillis Brook",2,"[""01fb000""]","msa","Coady Rd",NULL,"MODELLED","ROAD",NULL,"culvert",NULL,NULL,NULL,"Culvert looks fine, lots of beaver activity.;Culvert looks fine, lots of beaver activity. ","3.1432001828285756","3.1432001828285756",NULL,NULL,NULL,NULL,NULL,NULL,NULL,NULL,NULL,NULL,NULL,NULL,"1",0,"Jack Gillis Brook at Coady Road (AirBnb)","Jack Gillis Brook",NULL,"Stream crossing - OBS","Private Landowner",NULL,"Excluded structure","Informal assessment","Informal assessment","Passable","Informal assessment","","","","",NULL,"","",NULL,NULL,NULL,NULL,"",NULL,NULL,NULL,NULL,"no","no issues besides beavers and snags, private property, owners let us through"
"b0eb71ca-8fbe-45bd-bb8a-2d5a0fb6bd99","0101000020910B00006A2C0CDAD23A23416884B1AF707E5341",NULL,"stream_crossing",NULL,NULL,NULL,NULL,2,"[""01fb000""]","msa","Mabou Rivers Trail-Blackstone-Inverness",NULL,"MODELLED","ROAD",NULL,"culvert",NULL,NULL,NULL,"Structure deteriorating but no issues to fish passage. ","1.9219170360221287","1.9219170360221287",NULL,NULL,NULL,NULL,NULL,NULL,NULL,NULL,NULL,NULL,NULL,NULL,"1",0,"Unnamed Brook at Mabou Rivers Trail-Blackstone-Inverness (Inverness Bike trail)","Unnamed","Inverness Bike trail","Stream crossing - OBS",NULL,NULL,"Excluded structure","Informal assessment","Informal assessment","Passable","Informal assessment","","","","",NULL,"","",NULL,NULL,NULL,NULL,"",NULL,NULL,NULL,NULL,"no","structure deteriorating but no issues to fish passage. Revisit in ~5 years (2030)."
"25c7f767-8aa0-40a1-90eb-8c8440fc5ea3","0101000020910B0000A8EB2D8C74DD234150FEDDF5BBA05341",NULL,"stream_crossing",NULL,NULL,NULL,"Gallant River",4,"[""01fb000""]","msa","Old Belle Cote Rd",NULL,"MODELLED","ROAD",NULL,NULL,NULL,NULL,NULL,"Salmon upstream (presence of redds), therefore the strucutre is likely passable. Could still be a partial barrier so should assess in field. ","9.78460019756496","10.05919385119489","2.1219581885646366","2.139120291916507","38552",1,NULL,"9.78460019756496","2.12195818856464","9.7846001975649600","2.1219581885646400","3","6","3","0.75",0,"Gallant River at Old Belle Cote Road","Gallant River",NULL,"Stream crossing - CBS",NULL,NULL,"Data-deficient barrier","Informal assessment","Informal assessment","","",NULL,NULL,NULL,NULL,NULL,NULL,NULL,NULL,NULL,NULL,NULL,"In-depth passage assessment (data deficient structures only)",NULL,NULL,NULL,NULL,"yes","2 Massive culverts starting to sink and collapse, large velocity barrier, could be hanging in low water, 2.5km walk in from where road washed out, ATV accessible. Massive upstream blockage. Update: Blockage removed field season of 2025, passage assessment needed to verify passage restoration"
"619263ea-ca34-499a-b694-321b33a6b0ad","0101000020910B000092A23C538CA823419A99995976935341",NULL,"stream_crossing",NULL,NULL,NULL,"Francis Coadys Brook",2,"[""01fb000""]","msa","Coady Rd",NULL,"MODELLED","ROAD",NULL,"culvert",NULL,NULL,NULL,"Flow looks fine, pooling below culverts, 2nd culvert buried.;Flow looks fine, pooling below culverts, 2nd culvert buried. ","0.7311896958884725","1.3476305363423078",NULL,NULL,NULL,NULL,NULL,NULL,NULL,NULL,NULL,NULL,NULL,NULL,"1",0,"Francis Coadys Brook at Coady Road","Francis Coadys Brook",NULL,"Stream crossing - CBS",NULL,NULL,"Excluded structure","Informal assessment","Informal assessment","Passable","Informal assessment","","","","",NULL,"","",NULL,NULL,NULL,NULL,"",NULL,NULL,NULL,NULL,"no","Flow looks fine, pooling below culverts, 2nd culvert buried"
"b67fff44-6b98-4628-91fe-8f2a448c29a2","0101000020910B0000ED4ACA8D380A2441592BEF71AF925341",NULL,"stream_crossing",NULL,NULL,NULL,"Ryan Brook",3,"[""01fb000""]","msa",NULL,NULL,"MODELLED","ROAD",NULL,"bridge",NULL,NULL,NULL,"Fish passage looks good, private property lots of postage seemingly unfriendly. ","0.8520133104076582","0.8520133104076582",NULL,NULL,NULL,NULL,NULL,NULL,NULL,NULL,NULL,NULL,NULL,NULL,"1",0,"Ryan Brook at Unnamed Track","Ryan Brook",NULL,"Stream crossing - OBS","Private Landowner",NULL,"Excluded structure","Informal assessment","Informal assessment","Passable","Informal assessment","","","","",NULL,"","",NULL,NULL,NULL,NULL,"",NULL,NULL,NULL,NULL,"no","Fish passage looks good, private property lots of postage seemingly unfriendly"
"47a5d383-a3c9-4dc4-90cc-536d002f1d82","0101000020910B000053DE9A62AB54234167D66EE4C8805341",NULL,"stream_crossing",NULL,NULL,NULL,"Shaws Brook",2,"[""01fb000""]","msa","West Lake Ainslie Rd",NULL,"MODELLED","ROAD",NULL,"multiple culvert",NULL,NULL,NULL,"Grate on one end of the culverts, other is raised could be an issue in low water;Grate on one end of the culverts, other is raised could be an issue in low water. ","0.9356975380295862","0.9356975380295862","0.17544328838054743","0.17544328838054743","228732",1,NULL,"0.935697538029586","0.175443288380547","0.93569753802958600000","0.17544328838054700000","55","73","56","0.75",0,"Shaws Brook at West Lake Ainslie Road","Shaws Brook",NULL,"Stream crossing - CBS",NULL,NULL,"Data-deficient barrier","Informal assessment","Informal assessment","","","","","","",NULL,"","",NULL,NULL,NULL,NULL,"Barrier assessment (data deficient structures only)",NULL,NULL,NULL,NULL,"no","grate on one end of the culverts, other is raised could be an issue in low water"
"5378f626-2984-49c3-bf3c-50661433836e","0101000020910B000019791E60B1982341F799D17AD78F5341",NULL,"stream_crossing",NULL,NULL,NULL,"Jack Gillis Brook",2,"[""01fb000""]","msa","Track",NULL,"MODELLED","ROAD",NULL,"bridge",NULL,NULL,NULL,"No issues besides beavers and snags, private property, owners let us through. ;No issues besides beavers and snags, private property, owners let us through.","2.1763326628602053","2.1763326628602053",NULL,NULL,NULL,NULL,NULL,NULL,NULL,NULL,NULL,NULL,NULL,NULL,"1",0,"Jack Gillis Brook at Unnamed Track","Jack Gillis Brook",NULL,"Stream crossing - OBS",NULL,NULL,"Excluded structure","Informal assessment","Informal assessment","Passable","Informal assessment","","","","",NULL,"","",NULL,NULL,NULL,NULL,"",NULL,NULL,NULL,NULL,"no","Culvert looks fine, lots of beaver activity"
"02747f6d-df36-45a4-970a-9176a1291dbc","0101000020910B00002AFD63B60D2D23413D879D81BD7D5341",NULL,"stream_crossing",NULL,NULL,NULL,"Black River",3,"[""01fb000""]","msa","Highway 19",NULL,"MODELLED","ROAD",NULL,"culvert",NULL,NULL,NULL,"Good flow no issues. ","1.3468459085791549","1.3468459085791549",NULL,NULL,NULL,NULL,NULL,NULL,NULL,NULL,NULL,NULL,NULL,NULL,"1",0,"Black River at Highway 19","Black River",NULL,"Stream crossing - OBS",NULL,NULL,"Excluded structure","Informal assessment","Informal assessment","Passable","Informal assessment","","","","",NULL,"","",NULL,NULL,NULL,NULL,"",NULL,NULL,NULL,NULL,"no","good flow no issues"
"ca12279c-4008-448b-a00e-595419876c29","0101000020910B0000C50BA1DD36F323415FD30F9B1D925341",NULL,"stream_crossing",NULL,NULL,NULL,"Salt Brook",2,"[""01fb000""]","msa","Dryweather",NULL,"MODELLED","ROAD",NULL,"culvert",NULL,NULL,NULL,"2 culverts both with crab traps, 1 lots of flow, the other low flow. ;Needs assessment","3.51152341623458","5.277931358335406",NULL,NULL,NULL,NULL,NULL,NULL,NULL,NULL,NULL,NULL,NULL,NULL,"1",0,"Salt Brook at Dryweather","Salt Brook",NULL,"Stream crossing - CBS",NULL,NULL,"Excluded structure","Informal assessment","Informal assessment","Passable","Informal assessment","","","","",NULL,"","",NULL,NULL,NULL,NULL,"",NULL,NULL,NULL,NULL,"no","2 culverts both with crab traps, 1 lots of flow, the other low flow. Revisit in ~5 years (2030)."
"eda11223-f033-422e-a96c-4f890353bdbe","0101000020910B00004BCE39D29CEE2341EF6C1D75BB985341",NULL,"stream_crossing",NULL,NULL,NULL,"Marsh Brook",2,"[""01fb000""]","msa","Track",NULL,"MODELLED","ROAD",NULL,NULL,NULL,NULL,NULL,"No barrier to fish passage, bridge to be installed in summer, last year bridge was no issue, can check back later in the year. ;No barrier to fish passage, bridge to be installed in summer, last year bridge was no issue, can check back later in the year.","1.775949064651503","2.178423889012821",NULL,NULL,NULL,NULL,NULL,NULL,NULL,NULL,NULL,NULL,NULL,NULL,"1",0,"Marsh Brook at Unnamed Track","Marsh Brook",NULL,"Stream crossing - OBS",NULL,NULL,"Excluded structure","Informal assessment","Informal assessment","Passable","Informal assessment","","","","",NULL,"","",NULL,NULL,NULL,NULL,"",NULL,NULL,NULL,NULL,"no","no barrier to fish passage, bridge to be installed in summer, last year bridge was no issue, can check back later in the year"
"5f603846-c45e-4b92-8df5-8a748b1ff0c3","0101000020910B00005B95E5A11C0324419A9999B9C8945341",NULL,"stream_crossing",NULL,NULL,NULL,"Watsons Brook",3,"[""01fb000""]","msa","Dryweather",NULL,"MODELLED","ROAD",NULL,NULL,NULL,NULL,NULL,"Big drop on inflow, crab trap, Culvert Cracking. Beaver activity. ;Needs to be assessed. Could be bridge or box culvert","3.409507049505316","3.409507049505316","2.6273991105692365","2.6273991105692365","28272",1,NULL,"3.40950704950532","2.62739911056924","3.4095070495053200","2.6273991105692400","2","4","2","0",0,"Watsons Brook at Unnamed Track 2 (Office 2)","Watsons Brook",NULL,"Stream crossing - CBS",NULL,NULL,"Data-deficient barrier","Informal assessment","Informal assessment","","","","","","",NULL,"","",NULL,NULL,NULL,NULL,"Habitat confirmation (data deficient structures only)",NULL,NULL,NULL,NULL,"yes","Big drop on inflow, crab trap, Culvert Cracking. Beaver activity"
"322fedb3-3886-4154-b461-f7da73af7687","0101000020910B000073DB20A4B3A023419A9999F97C8F5341",NULL,"stream_crossing",NULL,NULL,NULL,"Cameron Brook",3,"[""01fb000""]","msa","Highway 19",NULL,"MODELLED","ROAD",NULL,"bridge",NULL,NULL,NULL,"Old bridge but no barrier to fish passage. ","1.2499680560714488","1.415942130476844",NULL,NULL,NULL,NULL,NULL,NULL,NULL,NULL,NULL,NULL,NULL,NULL,"1",0,"Cameron Brook at Unnamed Track","Cameron Brook",NULL,"Stream crossing - OBS",NULL,NULL,"Excluded structure","Informal assessment","Informal assessment","Passable","Informal assessment","","","","",NULL,"","",NULL,NULL,NULL,NULL,"",NULL,NULL,NULL,NULL,"no","old bridge but no barrier to fish passage"
"064b5ffc-06ae-4071-8744-2b976f4c0647","0101000020910B0000E5E7B1A71A61234172FA626069845341",NULL,"stream_crossing",NULL,NULL,NULL,"Jack MacQuarries Brook",3,"[""01fb000""]","msa","Strathlorne-Scotsville Rd",NULL,"MODELLED","ROAD",NULL,"culvert",NULL,NULL,NULL,"Overgrown but otherwise working well. ","2.526282182336436","2.5666030810224685",NULL,NULL,NULL,NULL,NULL,NULL,NULL,NULL,NULL,NULL,NULL,NULL,"1",0,"Jack MacQuarries Brook at Strathlorne-Scotsville Rd (Mountain Road Enterance)","Jack MacQuarries Brook",NULL,"Stream crossing - CBS",NULL,NULL,"Excluded structure","Informal assessment","Informal assessment","Passable","Informal assessment","","","","",NULL,"","",NULL,NULL,NULL,NULL,"",NULL,NULL,NULL,NULL,"no","overgrown but otherwise working well"
"28a2e336-9709-4862-a079-8eefad6b943c","0101000020910B0000BB4CC32F798823414ED140A9F78F5341",NULL,"stream_crossing",NULL,NULL,NULL,"Collins Brook",2,"[""01fb000""]","msa","Highway 19",NULL,"MODELLED","ROAD",NULL,"multiple culvert",NULL,NULL,NULL,"1 culvert blocked by beavers, otherwise not bad. ;1 culvert blocked by beavers, otherwise not bad.","1.449605758844725","1.8587383859960067","0.9895004650010768","1.0917836217888972","231302",2,NULL,"1.75951592155947","1.16382493152812","0.87975796077973500000","0.58191246576406000000","17","10","14","0",1,"Collins Brook at Highway 19","Collins Brook",NULL,"Stream crossing - CBS",NULL,NULL,"Data-deficient barrier","Informal assessment","Informal assessment","","","","","","",NULL,"","",NULL,NULL,NULL,NULL,"Barrier assessment (data deficient structures only)",NULL,NULL,NULL,NULL,"yes","Velocity barrier, could be hanging down stream in low water"
"9faa375e-b32c-4d73-9fcc-9e7991141986","0101000020910B0000F912F3947F4823410C3266BFBA7E5341",NULL,"stream_crossing",NULL,NULL,NULL,"Saddlers Brook",3,"[""01fb000""]","msa","Driveway",NULL,"MODELLED","ROAD",NULL,"culvert",NULL,NULL,NULL,"Good shape, maybe slight velocity barrier.;Good shape, maybe slight velocity barrier. ","2.219262732015116","2.6253713361892346","0.4399701604832573","0.47214174118732555","164482",2,NULL,"3.80571690312475","0.765982759899682","1.9028584515623750","0.38299137994984100000","30","15","22","0.75",1,"Saddlers Brook at Driveway - 2","Saddlers Brook",NULL,"Stream crossing - CBS",NULL,NULL,"Data-deficient barrier","Informal assessment","Informal assessment","","","Yes","Proportion of time","","",NULL,"","",NULL,NULL,NULL,NULL,"Habitat confirmation (data deficient structures only)",NULL,NULL,NULL,NULL,"no","good shape, maybe slight velocity barrier"
"2dc38a6e-2395-42e4-a94a-5c5b8d58a3a8","0101000020910B000070B01A49A87E23416ABCB31CEE7B5341",NULL,"stream_crossing",NULL,NULL,NULL,"MacEacherns Brook",2,"[""01fb000""]","msa","West Lake Ainslie Rd",NULL,"MODELLED","ROAD",NULL,"culvert",NULL,NULL,NULL,"Culvert looks good but clogged with debris. ;No trespassing barrier on road, could access from stream in lower water. ","0.8454883024394136","1.859587410338438","0.6341162268295603","1.3946905577538287","59112",1,NULL,"0.845488302439414","0.63411622682956","0.84548830243941400000","0.63411622682956000000","15","8","11","0",0,"MacEacherns Brook at West Lake Ainslie Road","MacEacherns Brook",NULL,"",NULL,NULL,"","","","","","","","","",NULL,"","",NULL,NULL,NULL,NULL,"",NULL,NULL,NULL,NULL,"yes","No trespassing barrier on road, could access from stream in lower water"
"6d8f0e16-d771-48ca-b8f6-34b924a80263","0101000020910B000096519FF9A7242441ABA5791BCEA15341",NULL,"stream_crossing",NULL,NULL,NULL,"MacKenzies Brook",4,"[""01fb000""]","msa","Track",NULL,"MODELLED","ROAD",NULL,"ford",NULL,NULL,NULL,"Beaver dam, could be an issue in low water, water getting by. ;ford","1.9830526220124334","2.0318101848051597",NULL,NULL,NULL,NULL,NULL,NULL,NULL,NULL,NULL,NULL,NULL,NULL,"1",0,"MacKenzies Brook at Unnamed Track (INV259)","MacKenzies Brook",NULL,"Stream crossing - OBS",NULL,NULL,"Excluded structure","Informal assessment","Informal assessment","Passable","Informal assessment","","","","",NULL,"","",NULL,NULL,NULL,NULL,"",NULL,NULL,NULL,NULL,"no","Water getting by fine, flows into beaver meadow, bridge in rough shape. Revisit in ~5 years (2030)."
"52b6bf0c-9a77-4f7f-b6e7-d61cf352de5e","0101000020910B0000543ECB5F8F4C2341CF2B40AA317F5341",NULL,"stream_crossing",NULL,NULL,NULL,"Saddlers Brook",3,"[""01fb000""]","msa","Driveway",NULL,"MODELLED","ROAD",NULL,NULL,NULL,NULL,NULL,"ATV bridge, rough shape, collapsing and dammed up with debris. ","1.5864541711096294","4.367370412576468","0.32601259941642485","0.8222236897692021","164482",2,NULL,"3.80571690312475","0.765982759899682","1.9028584515623750","0.38299137994984100000","30","15","22","0.75",0,"Saddlers Brook at Driveway","Saddlers Brook",NULL,"Stream crossing - OBS",NULL,NULL,"Data-deficient barrier","Informal assessment","Informal assessment","","","","","","",NULL,"","",NULL,NULL,NULL,NULL,"In-depth passage assessment (data deficient structures only)",NULL,NULL,NULL,NULL,"no","ATV bridge, rough shape, collapsing and dammed up with debris. Structure at end of lifecylce, needs to be decommisioned or replaced."
"b2b3dde0-3427-4f87-ab49-c1d16ce71922","0101000020910B00000000000079C42341E52FF354B0965341",NULL,"stream_crossing",NULL,NULL,NULL,NULL,2,"[""01fb000""]","msa","Track",NULL,"MODELLED","ROAD",NULL,"culvert",NULL,NULL,NULL,"Private Property, culvert looks alright.;Private Property, culvert looks alright.. ;Needs assessment. MSA and the landowner have a long-standing history here, there have been some previous issues with landuse alterations here. Heavily farmed, lots of manure pollution in this region.","1.1866908161015162","3.4701988401405477",NULL,NULL,NULL,NULL,NULL,NULL,NULL,NULL,NULL,NULL,NULL,NULL,"1",0,"Unnamed Brook at Private Property (Bring Your Running Shoes)","Unnamed",NULL,"Stream crossing - CBS","Private Landowner",NULL,"Excluded structure","Informal assessment","Informal assessment","Passable","Informal assessment","","","","",NULL,"","",NULL,NULL,NULL,NULL,"",NULL,NULL,NULL,NULL,"no","Private Property, culvert looks alright. Try to reassess in ~5 years (2030)."
"f15e18b3-f05c-4d16-ba83-9ba762b2d9d1","0101000020910B00003C0CC51C32F82341DE543A4521955341",NULL,"stream_crossing",NULL,NULL,NULL,"Watsons Brook",3,"[""01fb000""]","msa","Driveway",NULL,"MODELLED","ROAD",NULL,"bridge",NULL,NULL,NULL,"Looks in good shape, no issues. ;Driveway. Needs to be assessed","1.8213022861126746","5.230809335617991",NULL,NULL,NULL,NULL,NULL,NULL,NULL,NULL,NULL,NULL,NULL,NULL,"1",0,"Watsons Brook at Unnamed Track (Office 1)","Watsons Brook",NULL,"Stream crossing - OBS",NULL,NULL,"Excluded structure","Informal assessment","Informal assessment","Passable","Informal assessment","","","","",NULL,"","",NULL,NULL,NULL,NULL,"",NULL,NULL,NULL,NULL,"no","looks in good shape, no issues"
"a6745e4a-5302-4503-a002-da173d781824","0101000020910B000092B0974C76A42341E432C955E67F5341",NULL,"stream_crossing",NULL,NULL,NULL,NULL,3,"[""01fb000""]","msa","Glenmore Rd",NULL,"MODELLED","ROAD",NULL,"bridge",NULL,NULL,NULL,"Bridge in bad shape, but fish passage looks fine. ;bridge","2.1184841407362778","2.1184841407362778","0.4404921166840356","0.4404921166840356","138782",1,NULL,"2.11848414073628","0.440492116684036","2.1184841407362800","0.44049211668403600000","25","30","26","0.75",0,"Glenmore Road at Unknown Brook",NULL,"Glenmore Road","Stream crossing - OBS",NULL,NULL,"Data-deficient barrier","Informal assessment","Informal assessment","","",NULL,NULL,NULL,NULL,NULL,NULL,NULL,NULL,NULL,NULL,NULL,"Barrier assessment (data deficient structures only)",NULL,NULL,NULL,NULL,"no","Bridge in bad shape, but fish passage looks fine. Reassess as soon as possible to confirm passability."
"ea1dc1dc-0218-4aa4-939b-8561cc94996c","0101000020910B00002122C0962B1424414657AEE0779A5341",NULL,"stream_crossing",NULL,NULL,NULL,"Ingram Brook",5,"[""01fb000""]","msa","Track",NULL,"MODELLED","ROAD",NULL,"ford",NULL,NULL,NULL,"Land owner may have piled rocks to allow for crossing, could be an issue in low water, flowing fine now. ;Flowing fine now. ;Some concerns of passage in low water but mostly passable. ","12.758164162863471","14.865539220065996",NULL,NULL,NULL,NULL,NULL,NULL,NULL,NULL,NULL,NULL,NULL,NULL,"1",0,"Ingraham Brook at Unnamed Track (Ingraham MacDonald)","Ingraham Brook",NULL,"Stream crossing - Ford","Private landowner",NULL,"Excluded structure","Informal assessment","Informal assessment","Passable","Informal assessment","","","","",NULL,"","",NULL,NULL,NULL,NULL,"Engage with barrier owner",NULL,NULL,NULL,NULL,"no","Land owner may have piled rocks to allow for crossing, could be an issue in low water, flowing fine now"
"d86e2a64-08cb-43f8-a303-cc3564a00f32","0101000020910B0000AD98D5E556222441348602EC9AA35341",NULL,"stream_crossing",NULL,NULL,NULL,"Alder Brook",3,"[""01fb000""]","msa",NULL,NULL,"MODELLED","ROAD",NULL,"bridge",NULL,NULL,NULL,"Maybe slight velocity barrier but not much to worry about. ;This spot is easily accessible and regularly used by MSA as parking to access Forest Glen Brook. Need to assess what the structure actually is. Could be passable, but unsure. ","3.0628889754193405","3.5343412703792776","0.7657222438548351","0.7951880122898313","92522",1,NULL,"3.06288897541934","0.765722243854835","3.0628889754193400","0.76572224385483500000","10","18","15","0.75",0,"Track at Alder Creek","Alder Creek","Track","Stream crossing - CBS",NULL,NULL,"Data-deficient barrier","Informal assessment","Informal assessment",NULL,NULL,NULL,NULL,NULL,NULL,NULL,NULL,NULL,NULL,NULL,NULL,NULL,"Barrier assessment (data deficient structures only)",NULL,NULL,NULL,NULL,"yes","Maybe slight velocity barrier but not much to worry about. ;This spot is easily accessible and regularly used by MSA as parking to access Forest Glen Brook. Need to assess what the structure actually is. Could be passable, but unsure."
"4c52ad27-03fd-4f44-9f0d-6a72bb50718b","0101000020910B00002D10333AD38A2341F8DE94EFF48F5341",NULL,"stream_crossing",NULL,NULL,NULL,"Collins Brook",2,"[""01fb000""]","msa","Farquhar Rd",NULL,"MODELLED","ROAD",NULL,"Culvert",NULL,NULL,NULL,"Velocity barrier, could be hanging down stream in low water. ","0.3099101627147431","2.16864854871075","0.17432446652704298","0.9931621828687157","231302",2,NULL,"1.75951592155947","1.16382493152812","0.87975796077973500000","0.58191246576406000000","17","10","14","0.25",0,"Collins Brook at Farquhar Road","Collins Brook",NULL,"Stream crossing - CBS",NULL,NULL,"Data-deficient barrier","Informal assessment","Informal assessment","","","","","","",NULL,"","",NULL,NULL,NULL,NULL,"Barrier assessment (data deficient structures only)",NULL,NULL,NULL,NULL,"yes","1 culvert blocked by beavers, otherwise not bad"
"2a487368-7759-4cd4-8185-aedeb78b0fa8","0101000020910B00003DACE4DC64C0234146685BC60D945341",NULL,"stream_crossing",NULL,NULL,NULL,"Mill Brook",2,"[""01fb000""]","msa","Cabot Trail",NULL,"MODELLED","ROAD",NULL,"culvert",NULL,NULL,NULL,"3 culverts, may be an issue in low water, possible velocity barrier. ;3 culverts, may be an issue in low water, possible velocity barrier, debris jam removed during 2025 field season. ;Needs assessment. Appears to be culvert/multiple culvert in imagery.","0.13376622426046686","4.396910121747512","0.025081167048837536","0.7328385729016951","511432",2,NULL,"2.36142821475846","1.32949936021848","1.18071410737923000000","0.66474968010924000000","14","3","6","0.75",0,"Cabot Trail at Mill Brook","Mill Brook","Cabot Trail","Stream crossing - CBS",NULL,NULL,"Data-deficient barrier","Informal assessment","Informal assessment",NULL,NULL,NULL,NULL,NULL,NULL,NULL,NULL,NULL,NULL,NULL,NULL,NULL,"Barrier assessment (data deficient structures only)",NULL,NULL,NULL,NULL,"yes","3 culverts, may be an issue in low water, possible velocity barrier, debris jam removed during 2025 field season"
"795a1519-77cf-47bc-9d70-35cb3623f2ce",NULL,NULL,NULL,NULL,NULL,NULL,NULL,NULL,NULL,NULL,NULL,NULL,NULL,NULL,NULL,NULL,NULL,NULL,NULL,NULL,NULL,NULL,NULL,NULL,NULL,NULL,NULL,NULL,NULL,NULL,NULL,NULL,NULL,NULL,NULL,NULL,"Big Brook at Unnamed Track (Blue Camper)","Big Brook",NULL,"None",NULL,NULL,"Excluded structure","",NULL,"No structure","Field assessment",NULL,NULL,NULL,NULL,NULL,NULL,NULL,NULL,NULL,NULL,NULL,NULL,NULL,NULL,NULL,NULL,"no","Could be an issue in low water, Beaver dam on main channel"
"96ed4a82-8334-447c-8b94-92aea35fbd44",NULL,NULL,NULL,NULL,NULL,NULL,NULL,NULL,NULL,NULL,NULL,NULL,NULL,NULL,NULL,NULL,NULL,NULL,NULL,NULL,NULL,NULL,NULL,NULL,NULL,NULL,NULL,NULL,NULL,NULL,NULL,NULL,NULL,NULL,NULL,NULL,"Mackays Brook at Unnamed Track","Mackays Brook",NULL,"None",NULL,NULL,"Excluded structure",NULL,NULL,"No structure","Field assessment",NULL,NULL,NULL,NULL,NULL,NULL,NULL,NULL,NULL,NULL,NULL,NULL,NULL,NULL,NULL,NULL,"no","Beaver dam, some flow"
"5279d309-d266-4ec1-8efb-dec5d98e821e",NULL,NULL,NULL,NULL,NULL,NULL,NULL,NULL,NULL,NULL,NULL,NULL,NULL,NULL,NULL,NULL,NULL,NULL,NULL,NULL,NULL,NULL,NULL,NULL,NULL,NULL,NULL,NULL,NULL,NULL,NULL,NULL,NULL,NULL,NULL,NULL,"Capitain Allens Brook at Driveway","Capitain Allens Brook",NULL,"None",NULL,NULL,"Excluded structure",NULL,NULL,"No structure","Field assessment",NULL,NULL,NULL,NULL,NULL,NULL,NULL,NULL,NULL,NULL,NULL,NULL,NULL,NULL,NULL,NULL,"no","landowner tried to protect land, river now running in different directions through forest and not original path, beaver issues"
"93b192b4-2fa6-4a0f-9a34-cd6faa76a758",NULL,NULL,NULL,NULL,NULL,NULL,NULL,NULL,NULL,NULL,NULL,NULL,NULL,NULL,NULL,NULL,NULL,NULL,NULL,NULL,NULL,NULL,NULL,NULL,NULL,NULL,NULL,NULL,NULL,NULL,NULL,NULL,NULL,NULL,NULL,NULL,"Mackenzies Brook at Unnamed Track 2","Mackenzies Brook",NULL,"None",NULL,NULL,"Excluded structure",NULL,NULL,"No structure","Field assessment",NULL,NULL,NULL,NULL,NULL,NULL,NULL,NULL,NULL,NULL,NULL,NULL,NULL,NULL,NULL,NULL,"no","Beaver dam, could be an issue in low water, water getting by"
"1023265a-5494-4f4d-ba26-5cfa7f98ba1d",NULL,NULL,NULL,NULL,NULL,NULL,NULL,NULL,NULL,NULL,NULL,NULL,NULL,NULL,NULL,NULL,NULL,NULL,NULL,NULL,NULL,NULL,NULL,NULL,NULL,NULL,NULL,NULL,NULL,NULL,NULL,NULL,NULL,NULL,NULL,NULL,"Saddlers Brook at Unnamed Track","Saddlers Brook",NULL,"None",NULL,NULL,"Excluded structure","",NULL,"No structure","Field assessment",NULL,NULL,NULL,NULL,NULL,NULL,NULL,NULL,NULL,NULL,NULL,NULL,NULL,NULL,NULL,NULL,"no","no structure, old road no longer a bridge"
"e30cd92e-f2ad-454b-b1e7-cc034a380bdb",NULL,NULL,NULL,NULL,NULL,NULL,NULL,NULL,NULL,NULL,NULL,NULL,NULL,NULL,NULL,NULL,NULL,NULL,NULL,NULL,NULL,NULL,NULL,NULL,NULL,NULL,NULL,NULL,NULL,NULL,NULL,NULL,NULL,NULL,NULL,NULL,"Gallant River at Unnamed Track (Belle Cote 1)","Gallant River",NULL,"None",NULL,NULL,"Excluded structure","Informal assessment","Informal assessment","No structure","Informal assessment","","","","",NULL,"","",NULL,NULL,NULL,NULL,"",NULL,NULL,NULL,NULL,"no","No visible barrier, moving very fast, large deep pool, river pinching slightly could have been clogged with debris at some point."
